Workbook
Name ID_ARTICOLI: Table1[]
Name TOT_PRODUZIONE: Table2[]

Sheet RAW_Dump_Produzione
A1: ID_ORDINE_PROD | B1: DATA_INIZIO_PROG | C1: LINEA_PRODUZIONE | D1: CODICE_ARTICOLO | E1: DESCRIZIONE_ARTICOLO | F1: QTA_LOTTO | G1: QTA_PRODOTTA_EFF | H1: QTA_SCARTO | I1: COSTO_STD_UNITARIO | J1: COSTO_EFF_UNITARIO | K1: CAUSALE_SCARTO
A2: ODP-2026-1114 | B2: 04-10-2026 | C2: Linea 2 - Assemblaggio | D2: ART-MEC-01 | E2: Albero di Trasmissione Precisione | F2: 100 | G2: 80 | H2: 20 | I2: 45 | J2: 41.65 | K2: Tolleranza Fuori Limite
A3: ODP-2026-1165 | B3: 2026-11-17 | C3: Linea 2 - Assemblaggio | D3: ART-ASS-01 | E3: Gruppo Valvola Idraulica Completa | F3: 150 | G3: 148 | H3: 2 | I3: 120 | J3: 117.05 | K3: Usura Utensile
A4: ODP-2026-1170 | B4: 21/11/2026 | C4: Linea 2 - Assemblaggio | D4: ART-ASS-01 | E4: Gruppo Valvola Idraulica Completa | F4: 100 | G4: 90 | H4: 10 | I4: 120 | J4: 116.87 | K4: Difetto Materia Prima
A5: ODP-2026-1102 | B5: 24/09/2026 | C5: Linea 1 - Meccanica | D5: ART-ELE-02 | E5: Sensore di Pressione Digitale High-Temp | F5: 150 | G5: 130 | H5: 20 | I5: 65 | J5: 61.71
A6: ODP-2026-1101 | B6: 2026-09-23 | C6: LINEA 3 - ELETTRONICA | D6: ART-ELE-01 | E6: Scheda Controllo Inverter 400V | F6: 500 | G6: 493 | H6: 7 | I6: 210 | J6: 203.19 | K6: Difetto Materia Prima
A7: ODP-2026-1016 | B7: 2026-07-13 | C7: Linea 3 - Elettronica | D7: ART-ASS-01 | E7: Gruppo Valvola Idraulica Completa | F7: 1000 | G7: 920 | H7: 80 | I7: 120 | J7: 115.37 | K7: Problema Saldatura/Smt
A8: ODP-2026-1178 | B8: 28/11/2026 | C8: Linea 2 - Assemblaggio | D8: ART-ASS-03 | E8: Modulo Riduttore Epicroidale | F8: 500 | G8: 485 | H8: 15 | I8: 150 | J8: 144.9 | K8: Tolleranza Fuori Limite
A9: ODP-2026-1036 | B9: 30-07-2026 | C9: Linea 3 - Elettronica | D9: ART-MEC-03 | E9: Flangia Acciaio Inox 120mm | F9: 500 | G9: 484 | H9: 16 | I9: 35 | J9: 38.08 | K9: Difetto Materia Prima
A10: ODP-2026-1120 | B10: 10/10/2026 | C10: LINEA 1 - MECCANICA | D10: ART-MEC-03 | E10: Flangia Acciaio Inox 120mm | F10: 200 | G10: 184 | H10: 16 | I10: 35 | J10: 38.58 | K10: Difetto Materia Prima
A11: ODP-2026-1153 | B11: 2026-11-07 | C11: Linea 3 - Elettronica | D11: ART-MEC-01 | E11: Albero di Trasmissione Precisione | F11: 200 | G11: 182 | H11: 18 | I11: 45 | J11: 43.96 | K11: Difetto Materia Prima
A12: ODP-2026-1025 | B12: 21/07/2026 | C12: LINEA 3 - ELETTRONICA | D12: ART-MEC-01 | E12: Albero di Trasmissione Precisione | F12: 200 | G12: 196 | H12: 4 | I12: 45 | J12: 45.49 | K12: Errore Set-up Macchina
A13: ODP-2026-1077 | B13: 03-09-2026 | C13: Linea 3 - Elettronica | D13: ART-ELE-03 | E13: Quadro Comando Touch 10'' Industrial | F13: 250 | G13: 228 | H13: 22 | I13: 340 | J13: 354.02 | K13: Errore Set-up Macchina
A14: ODP-2026-1157 | B14: 10/11/2026 | C14: LINEA 1 - MECCANICA | D14: ART-MEC-03 | E14: Flangia Acciaio Inox 120mm | F14: 300 | G14: 285 | H14: 15 | I14: 35 | J14: 40.44 | K14: Problema Saldatura/Smt
A15: ODP-2026-1119 | B15: 09-10-2026 | C15: LINEA 1 - MECCANICA | D15: ART-ASS-03 | E15: Modulo Riduttore Epicroidale | F15: 150 | G15: 137 | H15: 13 | I15: 150 | J15: 144.92 | K15: Errore Set-up Macchina
A16: ODP-2026-1069 | B16: 2026-08-27 | C16: Linea 1 - Meccanica | D16: ART-ASS-01 | E16: Gruppo Valvola Idraulica Completa | F16: 150 | G16: 129 | H16: 21 | I16: 120 | J16: 113.38 | K16: Tolleranza Fuori Limite
A17: ODP-2026-1017 | B17: 14/07/2026 | C17: Linea 1 - Meccanica | D17: ART-ELE-02 | E17: Sensore di Pressione Digitale High-Temp | F17: 100 | G17: 85 | H17: 15 | I17: 65 | J17: 61.83 | K17: Difetto Materia Prima
... A35: ODP-2026-1112 | B35: 2026-10-03 | C35: Linea 3 - Elettronica | D35: ART-ASS-03 | E35: Modulo Riduttore Epicroidale | F35: 100 | G35: 77 | H35: 23 | I35: 150 | J35: 145.94 | K35: Problema Saldatura/Smt
A36: ODP-2026-1046 | B36: 08/08/2026 | C36: Linea 1 - Meccanica | D36: ART-ELE-03 | E36: Quadro Comando Touch 10'' Industrial | F36: 300 | H36: 24 | I36: 340 | J36: 356.11 | K36: Usura Utensile
A37: ODP-2026-1068 | B37: 26-08-2026 | C37: linea 2 - assemblaggio | D37: ART-MEC-01 | E37: Albero di Trasmissione Precisione | F37: 1000 | G37: 993 | H37: 7 | I37: 45 | J37: 42.06
A38: ODP-2026-1162 | B38: 14/11/2026 | C38: Linea 1 - Meccanica | D38: ART-ELE-02 | E38: Sensore di Pressione Digitale High-Temp | F38: 300 | G38: 287 | H38: 13 | I38: 65 | J38: 61.78 | K38: Errore Set-up Macchina
A39: ODP-2026-1030 | B39: 2026-07-25 | C39: Linea 2 - Assemblaggio | D39: ART-MEC-02 | E39: Ingranaggio Elicoidale Z45 | F39: 100 | G39: 84 | H39: 16 | I39: 28 | J39: 25.62 | K39: Errore Set-up Macchina
A40: ODP-2026-1124 | B40: 2026-10-13 | C40: Linea 3 - Elettronica | D40: ART-ELE-01 | E40: Scheda Controllo Inverter 400V | F40: 250 | G40: 244 | H40: 6 | I40: 210 | J40: 206.23 | K40: Problema Saldatura/Smt
A41: ODP-2026-1136 | B41: 23/10/2026 | C41: Linea 3 - Elettronica | D41: ART-ELE-02 | E41: Sensore di Pressione Digitale High-Temp | F41: 300 | G41: 276 | H41: 24 | I41: 65 | J41: 61.5 | K41: Errore Set-up Macchina
A42: ODP-2026-1151 | B42: 05-11-2026 | C42: linea 2 - assemblaggio | D42: ART-ELE-03 | E42: Quadro Comando Touch 10'' Industrial | F42: 100 | G42: 92 | H42: 8 | I42: 340 | J42: 357.88 | K42: Tolleranza Fuori Limite
A43: ODP-2026-1032 | B43: 2026-07-27 | C43: Linea 2 - Assemblaggio | D43: ART-ELE-01 | E43: Scheda Controllo Inverter 400V | F43: 1000 | G43: 981 | H43: 19 | I43: 210 | J43: 205.72 | K43: Difetto Materia Prima
A44: ODP-2026-1013 | B44: 11-07-2026 | C44: linea 2 - assemblaggio | D44: ART-ELE-01 | E44: Scheda Controllo Inverter 400V | F44: 500 | G44: 479 | H44: 21 | I44: 210 | J44: 203.37
A45: ODP-2026-1042 | B45: 04/08/2026 | C45: Linea 3 - Elettronica | D45: ART-ELE-02 | E45: Sensore di Pressione Digitale High-Temp | F45: 500 | G45: 492 | H45: 8 | I45: 65 | J45: 62.25 | K45: Tolleranza Fuori Limite
A46: ODP-2026-1052 | B46: 13-08-2026 | C46: Linea 1 - Meccanica | D46: ART-MEC-01 | E46: Albero di Trasmissione Precisione | F46: 100 | G46: 86 | H46: 14 | I46: 45 | J46: 41.25 | K46: Difetto Materia Prima
A47: ODP-2026-1057 | B47: 2026-08-17 | C47: Linea 3 - Elettronica | D47: ART-ELE-01 | E47: Scheda Controllo Inverter 400V | F47: 100 | G47: 77 | H47: 23 | I47: 210 | J47: 203.77 | K47: Errore Set-up Macchina
A48: ODP-2026-1094 | B48: 17/09/2026 | C48: LINEA 3 - ELETTRONICA | D48: ART-ASS-02 | E48: Attuatore Pneumatico Bi-Stadio | F48: 150 | G48: 129 | H48: 21 | I48: 85 | J48: 92.05 | K48: Difetto Materia Prima
A49: ODP-2026-1091 | B49: 2026-09-15 | C49: Linea 2 - Assemblaggio | D49: ART-ELE-01 | E49: Scheda Controllo Inverter 400V | F49: 300 | G49: 276 | H49: 24 | I49: 210 | J49: 208.08 | K49: Errore Set-up Macchina
A50: ODP-2026-1067 | B50: 2026-08-26 | C50: Linea 1 - Meccanica | D50: ART-MEC-01 | E50: Albero di Trasmissione Precisione | F50: 1000 | G50: 994 | H50: 6 | I50: 45 | J50: 44.24 | K50: Problema Saldatura/Smt
A51: ODP-2026-1039 | B51: 02/08/2026 | C51: LINEA 1 - MECCANICA | D51: ART-ASS-01 | E51: Gruppo Valvola Idraulica Completa | F51: 300 | G51: 289 | H51: 11 | I51: 120 | J51: 115.76 | K51: Problema Saldatura/Smt
A52: ODP-2026-1056 | B52: 16-08-2026 | C52: Linea 2 - Assemblaggio | D52: ART-MEC-01 | E52: Albero di Trasmissione Precisione | F52: 500 | G52: 484 | H52: 16 | I52: 45 | J52: 45.02 | K52: Errore Set-up Macchina
A53: ODP-2026-1099 | B53: 2026-09-22 | C53: LINEA 1 - MECCANICA | D53: ART-MEC-01 | E53: Albero di Trasmissione Precisione | F53: 250 | G53: 227 | H53: 23 | I53: 45 | J53: 43.18 | K53: Tolleranza Fuori Limite
A54: ODP-2026-1154 | B54: 07/11/2026 | C54: linea 2 - assemblaggio | D54: ART-ASS-02 | E54: Attuatore Pneumatico Bi-Stadio | F54: 200 | G54: 194 | H54: 6 | I54: 85 | J54: 91.43 | K54: Tolleranza Fuori Limite
A55: ODP-2026-1097 | B55: 20/09/2026 | C55: Linea 3 - Elettronica | D55: ART-MEC-02 | E55: Ingranaggio Elicoidale Z45 | F55: 1000 | G55: 984 | H55: 16 | I55: 28 | J55: 29.52 | K55: Difetto Materia Prima
A56: ODP-2026-1003 | B56: 02-07-2026 | C56: LINEA 1 - MECCANICA | D56: ART-ASS-02 | E56: Attuatore Pneumatico Bi-Stadio | F56: 100 | G56: 77 | H56: 23 | I56: 85 | J56: 89.49 | K56: Tolleranza Fuori Limite
A57: ODP-2026-1113 | B57: 04-10-2026 | C57: Linea 2 - Assemblaggio | D57: ART-ASS-01 | E57: Gruppo Valvola Idraulica Completa | F57: 500 | H57: 5 | I57: 120 | J57: 114.01 | K57: Usura Utensile
A58: ODP-2026-1047 | B58: 09/08/2026 | C58: linea 2 - assemblaggio | D58: ART-ASS-01 | E58: Gruppo Valvola Idraulica Completa | F58: 300 | G58: 279 | H58: 21 | I58: 120 | J58: 116.94 | K58: Problema Saldatura/Smt
A59: ODP-2026-1066 | B59: 25/08/2026 | C59: Linea 1 - Meccanica | D59: ART-ELE-03 | E59: Quadro Comando Touch 10'' Industrial | F59: 250 | G59: 240 | H59: 10 | I59: 340 | J59: 356.58 | K59: Problema Saldatura/Smt
A60: ODP-2026-1061 | B60: 20/08/2026 | C60: Linea 1 - Meccanica | D60: ART-MEC-01 | E60: Albero di Trasmissione Precisione | F60: 250 | G60: 230 | H60: 20 | I60: 45 | J60: 43.26 | K60: Tolleranza Fuori Limite
A61: ODP-2026-1019 | B61: 16/07/2026 | C61: Linea 1 - Meccanica | D61: ART-MEC-03 | E61: Flangia Acciaio Inox 120mm | F61: 300 | G61: 285 | H61: 15 | I61: 35 | J61: 39.82 | K61: Tolleranza Fuori Limite
A62: ODP-2026-1179 | B62: 29-11-2026 | C62: Linea 1 - Meccanica | D62: ART-MEC-02 | E62: Ingranaggio Elicoidale Z45 | F62: 150 | G62: 145 | H62: 5 | I62: 28 | J62: 28.76 | K62: Problema Saldatura/Smt
A63: ODP-2026-1027 | B63: 2026-07-23 | C63: Linea 1 - Meccanica | D63: ART-ELE-02 | E63: Sensore di Pressione Digitale High-Temp | F63: 300 | G63: 276 | H63: 24 | I63: 65 | J63: 63.89 | K63: Tolleranza Fuori Limite
A64: ODP-2026-1160 | B64: 13-11-2026 | C64: LINEA 3 - ELETTRONICA | D64: ART-ELE-02 | E64: Sensore di Pressione Digitale High-Temp | F64: 200 | G64: 190 | H64: 10 | I64: 65 | J64: 60.78 | K64: Problema Saldatura/Smt
A65: ODP-2026-1105 | B65: 27-09-2026 | C65: Linea 3 - Elettronica | D65: ART-MEC-02 | E65: Ingranaggio Elicoidale Z45 | F65: 500 | G65: 488 | H65: 12 | I65: 28 | J65: 25.71 | K65: Problema Saldatura/Smt
A66: ODP-2026-1118 | B66: 2026-10-08 | C66: Linea 3 - Elettronica | D66: ART-ASS-01 | E66: Gruppo Valvola Idraulica Completa | F66: 1000 | G66: 982 | H66: 18 | I66: 120 | J66: 117.4 | K66: Difetto Materia Prima
A67: ODP-2026-1037 | B67: 31/07/2026 | C67: LINEA 1 - MECCANICA | D67: ART-ELE-03 | E67: Quadro Comando Touch 10'' Industrial | F67: 250 | G67: 226 | H67: 24 | I67: 340 | J67: 355.51 | K67: Errore Set-up Macchina
A68: ODP-2026-1125 | B68: 2026-10-14 | C68: Linea 2 - Assemblaggio | D68: ART-MEC-03 | E68: Flangia Acciaio Inox 120mm | F68: 150 | G68: 138 | H68: 12 | I68: 35 | J68: 37.62 | K68: Difetto Materia Prima
A69: ODP-2026-1023 | B69: 2026-07-19 | C69: LINEA 3 - ELETTRONICA | D69: ART-ASS-02 | E69: Attuatore Pneumatico Bi-Stadio | F69: 500 | G69: 480 | H69: 20 | I69: 85 | J69: 91.08 | K69: Problema Saldatura/Smt
... A100: ODP-2026-1026 | B100: 22-07-2026 | C100: Linea 2 - Assemblaggio | D100: ART-MEC-01 | E100: Albero di Trasmissione Precisione | F100: 100 | G100: 84 | H100: 16 | I100: 45 | J100: 44.14 | K100: Problema Saldatura/Smt
A101: ODP-2026-1024 | B101: 20/07/2026 | C101: Linea 1 - Meccanica | D101: ART-MEC-03 | E101: Flangia Acciaio Inox 120mm | F101: 200 | H101: 8 | I101: 35 | J101: 39.15 | K101: Problema Saldatura/Smt
A102: ODP-2026-1139 | B102: 26/10/2026 | C102: Linea 2 - Assemblaggio | D102: ART-ASS-02 | E102: Attuatore Pneumatico Bi-Stadio | F102: 200 | G102: 186 | H102: 14 | I102: 85 | J102: 91.4 | K102: Problema Saldatura/Smt
A103: ODP-2026-1082 | B103: 07/09/2026 | C103: Linea 1 - Meccanica | D103: ART-ASS-02 | E103: Attuatore Pneumatico Bi-Stadio | F103: 500 | G103: 495 | H103: 5 | I103: 85 | J103: 90.34 | K103: Usura Utensile
A104: ODP-2026-1080 | B104: 2026-09-06 | C104: Linea 1 - Meccanica | D104: ART-MEC-03 | E104: Flangia Acciaio Inox 120mm | F104: 250 | G104: 226 | H104: 24 | I104: 35 | J104: 37.71 | K104: Tolleranza Fuori Limite
A105: ODP-2026-1085 | B105: 10/09/2026 | C105: linea 2 - assemblaggio | D105: ART-ASS-01 | E105: Gruppo Valvola Idraulica Completa | F105: 100 | G105: 90 | H105: 10 | I105: 120 | J105: 114.13 | K105: Tolleranza Fuori Limite
A106: ODP-2026-1040 | B106: 03/08/2026 | C106: Linea 2 - Assemblaggio | D106: ART-ASS-02 | E106: Attuatore Pneumatico Bi-Stadio | F106: 1000 | G106: 992 | H106: 8 | I106: 85 | J106: 89.97 | K106: Errore Set-up Macchina
A107: ODP-2026-1115 | B107: 05/10/2026 | C107: Linea 1 - Meccanica | D107: ART-ELE-01 | E107: Scheda Controllo Inverter 400V | F107: 1000 | G107: 979 | H107: 21 | I107: 210 | J107: 204.7 | K107: Tolleranza Fuori Limite
A108: ODP-2026-1087 | B108: 12-09-2026 | C108: Linea 1 - Meccanica | D108: ART-ASS-01 | E108: Gruppo Valvola Idraulica Completa | F108: 1000 | G108: 996 | H108: 4 | I108: 120 | J108: 116.32 | K108: Tolleranza Fuori Limite
A109: ODP-2026-1078 | B109: 2026-09-04 | C109: linea 2 - assemblaggio | D109: ART-ELE-01 | E109: Scheda Controllo Inverter 400V | F109: 100 | G109: 93 | H109: 7 | I109: 210 | J109: 207.61 | K109: Usura Utensile
A110: ODP-2026-1006 | B110: 2026-07-05 | C110: Linea 3 - Elettronica | D110: ART-ASS-01 | E110: Gruppo Valvola Idraulica Completa | F110: 500 | G110: 483 | H110: 17 | I110: 120 | J110: 116.43 | K110: Usura Utensile
A111: ODP-2026-1156 | B111: 2026-11-09 | C111: Linea 1 - Meccanica | D111: ART-ASS-03 | E111: Modulo Riduttore Epicroidale | F111: 150 | G111: 131 | H111: 19 | I111: 150 | J111: 146.32 | K111: Usura Utensile
A112: ODP-2026-1048 | B112: 09/08/2026 | C112: Linea 2 - Assemblaggio | D112: ART-ASS-02 | E112: Attuatore Pneumatico Bi-Stadio | F112: 300 | G112: 295 | H112: 5 | I112: 85 | J112: 90.29 | K112: Difetto Materia Prima
A113: ODP-2026-1095 | B113: 18-09-2026 | C113: LINEA 1 - MECCANICA | D113: ART-MEC-03 | E113: Flangia Acciaio Inox 120mm | F113: 200 | G113: 188 | H113: 12 | I113: 35 | J113: 39.23 | K113: Difetto Materia Prima
... A120: ODP-2026-1140 | B120: 27-10-2026 | C120: Linea 1 - Meccanica | D120: ART-ASS-03 | E120: Modulo Riduttore Epicroidale | F120: 200 | G120: 191 | H120: 9 | I120: 150 | J120: 148.38 | K120: Errore Set-up Macchina
A121: ODP-2026-1146 | B121: 2026-11-01 | C121: Linea 1 - Meccanica | D121: ART-MEC-03 | E121: Flangia Acciaio Inox 120mm | F121: 1000 | G121: 982 | H121: 18 | I121: 35 | J121: 37.08
A122: ODP-2026-1063 | B122: 22-08-2026 | C122: LINEA 3 - ELETTRONICA | D122: ART-ELE-01 | E122: Scheda Controllo Inverter 400V | F122: 100 | G122: 87 | H122: 13 | I122: 210 | J122: 208.05 | K122: Usura Utensile
A123: ODP-2026-1078 | B123: 2026-09-04 | C123: linea 2 - assemblaggio | D123: ART-ELE-01 | E123: Scheda Controllo Inverter 400V | F123: 100 | G123: 93 | H123: 7 | I123: 210 | J123: 207.61 | K123: Usura Utensile
A124: ODP-2026-1128 | B124: 16-10-2026 | C124: Linea 2 - Assemblaggio | D124: ART-ELE-02 | E124: Sensore di Pressione Digitale High-Temp | F124: 100 | G124: 88 | H124: 12 | I124: 65 | J124: 62.94 | K124: Errore Set-up Macchina
A125: ODP-2026-1004 | B125: 03/07/2026 | C125: Linea 3 - Elettronica | D125: ART-ASS-01 | E125: Gruppo Valvola Idraulica Completa | F125: 150 | G125: 134 | H125: 16 | I125: 120 | J125: 116.93 | K125: Usura Utensile
A126: ODP-2026-1106 | B126: 2026-09-28 | C126: Linea 3 - Elettronica | D126: ART-ASS-02 | E126: Attuatore Pneumatico Bi-Stadio | F126: 1000 | G126: 920 | H126: 80 | I126: 85 | J126: 88.17 | K126: Usura Utensile
A127: ODP-2026-1054 | B127: 15-08-2026 | C127: Linea 1 - Meccanica | D127: ART-ASS-01 | E127: Gruppo Valvola Idraulica Completa | F127: 500 | G127: 484 | H127: 16 | I127: 120 | J127: 114.58 | K127: Problema Saldatura/Smt
A128: ODP-2026-1006 | B128: 2026-07-05 | C128: Linea 3 - Elettronica | D128: ART-ASS-01 | E128: Gruppo Valvola Idraulica Completa | F128: 500 | G128: 483 | H128: 17 | I128: 120 | J128: 116.43 | K128: Usura Utensile
A129: ODP-2026-1126 | B129: 15/10/2026 | C129: Linea 2 - Assemblaggio | D129: ART-MEC-02 | E129: Ingranaggio Elicoidale Z45 | F129: 100 | G129: 95 | H129: 5 | I129: 28 | J129: 28.43 | K129: Problema Saldatura/Smt
A130: ODP-2026-1168 | B130: 2026-11-19 | C130: Linea 1 - Meccanica | D130: ART-ASS-02 | E130: Attuatore Pneumatico Bi-Stadio | F130: 300 | G130: 291 | H130: 9 | I130: 85 | J130: 91.82 | K130: Problema Saldatura/Smt
A131: ODP-2026-1173 | B131: 24/11/2026 | C131: Linea 1 - Meccanica | D131: ART-ELE-03 | E131: Quadro Comando Touch 10'' Industrial | F131: 250 | G131: 246 | H131: 4 | I131: 340 | J131: 354.85 | K131: Usura Utensile
A132: ODP-2026-1050 | B132: 2026-08-11 | C132: LINEA 3 - ELETTRONICA | D132: ART-ELE-02 | E132: Sensore di Pressione Digitale High-Temp | F132: 150 | G132: 146 | H132: 4 | I132: 65 | J132: 65.27 | K132: Errore Set-up Macchina
A133: ODP-2026-1081 | B133: 06-09-2026 | C133: linea 2 - assemblaggio | D133: ART-ASS-02 | E133: Attuatore Pneumatico Bi-Stadio | F133: 300 | G133: 283 | H133: 17 | I133: 85 | J133: 88.25 | K133: Tolleranza Fuori Limite
A134: ODP-2026-1035 | B134: 29-07-2026 | C134: Linea 1 - Meccanica | D134: ART-MEC-02 | E134: Ingranaggio Elicoidale Z45 | F134: 1000 | G134: 980 | H134: 20 | I134: 28 | J134: 27.45
A135: ODP-2026-1008 | B135: 06-07-2026 | C135: Linea 2 - Assemblaggio | D135: ART-MEC-01 | E135: Albero di Trasmissione Precisione | F135: 200 | H135: 5 | I135: 45 | J135: 42.41 | K135: Errore Set-up Macchina
A136: ODP-2026-1111 | B136: 2026-10-02 | C136: Linea 3 - Elettronica | D136: ART-MEC-01 | E136: Albero di Trasmissione Precisione | F136: 250 | G136: 243 | H136: 7 | I136: 45 | J136: 44.73 | K136: Tolleranza Fuori Limite
A137: ODP-2026-1092 | B137: 16-09-2026 | C137: Linea 1 - Meccanica | D137: ART-ASS-02 | E137: Attuatore Pneumatico Bi-Stadio | F137: 300 | G137: 293 | H137: 7 | I137: 85 | J137: 89.56 | K137: Problema Saldatura/Smt
A138: ODP-2026-1084 | B138: 2026-09-09 | C138: Linea 2 - Assemblaggio | D138: ART-ELE-03 | E138: Quadro Comando Touch 10'' Industrial | F138: 200 | G138: 176 | H138: 24 | I138: 340 | J138: 357.09 | K138: Difetto Materia Prima
A139: ODP-2026-1164 | B139: 16/11/2026 | C139: linea 2 - assemblaggio | D139: ART-ELE-02 | E139: Sensore di Pressione Digitale High-Temp | F139: 250 | G139: 246 | H139: 4 | I139: 65 | J139: 63.48 | K139: Difetto Materia Prima
A140: ODP-2026-1169 | B140: 2026-11-20 | C140: linea 2 - assemblaggio | D140: ART-ELE-03 | E140: Quadro Comando Touch 10'' Industrial | F140: 500 | G140: 488 | H140: 12 | I140: 340 | J140: 356.54 | K140: Errore Set-up Macchina
A141: ODP-2026-1090 | B141: 14/09/2026 | C141: Linea 3 - Elettronica | D141: ART-ELE-03 | E141: Quadro Comando Touch 10'' Industrial | F141: 1000 | H141: 6 | I141: 340 | J141: 357.75 | K141: Errore Set-up Macchina
A142: ODP-2026-1009 | B142: 07/07/2026 | C142: Linea 1 - Meccanica | D142: ART-ELE-02 | E142: Sensore di Pressione Digitale High-Temp | F142: 300 | G142: 298 | H142: 2 | I142: 65 | J142: 63.18 | K142: Tolleranza Fuori Limite
A143: ODP-2026-1014 | B143: 2026-07-12 | C143: Linea 3 - Elettronica | D143: ART-MEC-02 | E143: Ingranaggio Elicoidale Z45 | F143: 100 | G143: 84 | H143: 16 | I143: 28 | J143: 25.76 | K143: Difetto Materia Prima
A144: ODP-2026-1060 | B144: 20/08/2026 | C144: Linea 2 - Assemblaggio | D144: ART-ASS-02 | E144: Attuatore Pneumatico Bi-Stadio | F144: 300 | G144: 291 | H144: 9 | I144: 85 | J144: 90.99 | K144: Difetto Materia Prima
A145: ODP-2026-1159 | B145: 2026-11-12 | C145: Linea 3 - Elettronica | D145: ART-ELE-03 | E145: Quadro Comando Touch 10'' Industrial | F145: 200 | G145: 188 | H145: 12 | I145: 340 | J145: 358.19 | K145: Tolleranza Fuori Limite
A146: ODP-2026-1132 | B146: 2026-10-20 | C146: Linea 1 - Meccanica | D146: ART-MEC-03 | E146: Flangia Acciaio Inox 120mm | F146: 150 | G146: 131 | H146: 19 | I146: 35 | J146: 36.57 | K146: Errore Set-up Macchina
A147: ODP-2026-1018 | B147: 15/07/2026 | C147: Linea 1 - Meccanica | D147: ART-MEC-02 | E147: Ingranaggio Elicoidale Z45 | F147: 200 | G147: 176 | H147: 24 | I147: 28 | J147: 28.52 | K147: Difetto Materia Prima
A148: ODP-2026-1073 | B148: 2026-08-31 | C148: Linea 1 - Meccanica | D148: ART-MEC-01 | E148: Albero di Trasmissione Precisione | F148: 500 | G148: 494 | H148: 6 | I148: 45 | J148: 45.01 | K148: Tolleranza Fuori Limite
A149: ODP-2026-1163 | B149: 15/11/2026 | C149: Linea 3 - Elettronica | D149: ART-ASS-02 | E149: Attuatore Pneumatico Bi-Stadio | F149: 150 | G149: 146 | H149: 4 | I149: 85 | J149: 87.48 | K149: Usura Utensile
A150: ODP-2026-1135 | B150: 22-10-2026 | C150: linea 2 - assemblaggio | D150: ART-ELE-03 | E150: Quadro Comando Touch 10'' Industrial | F150: 150 | G150: 126 | H150: 24 | I150: 340 | J150: 357.14 | K150: Errore Set-up Macchina
A151: ODP-2026-1155 | B151: 08-11-2026 | C151: Linea 1 - Meccanica | D151: ART-ASS-03 | E151: Modulo Riduttore Epicroidale | F151: 300 | G151: 287 | H151: 13 | I151: 150 | J151: 148.44 | K151: Usura Utensile
A152: ODP-2026-1171 | B152: 22/11/2026 | C152: Linea 3 - Elettronica | D152: ART-ASS-03 | E152: Modulo Riduttore Epicroidale | F152: 300 | G152: 294 | H152: 6 | I152: 150 | J152: 148.01 | K152: Problema Saldatura/Smt
A153: ODP-2026-1064 | B153: 23/08/2026 | C153: LINEA 1 - MECCANICA | D153: ART-ELE-03 | E153: Quadro Comando Touch 10'' Industrial | F153: 100 | G153: 80 | H153: 20 | I153: 340 | J153: 357.35 | K153: Tolleranza Fuori Limite
...

Sheet CLEAN_Dump_Produzione
A1: ID_ORDINE_PROD | B1: DATA_INIZIO_PROG | C1: LINEA_PRODUZIONE | D1: CODICE_ARTICOLO | E1: DESCRIZIONE_ARTICOLO | F1: QTA_LOTTO | G1: QTA_PRODOTTA_EFF | H1: QTA_SCARTO | I1: COSTO_STD_UNITARIO | J1: COSTO_EFF_UNITARIO | K1: CAUSALE_SCARTO | L1: TOT_STD_COST (€) | M1: TOT_EFF_COST (€) | N1: Scostamento dei Costi / Cost Variance (€) | O1: Tasso di Scarto / Scrap Rate (%):
A2: ODP-2026-1114 | B2: 46299 | C2: Linea 2 - Assemblaggio | D2: ART-MEC-01 | E2: Albero di Trasmissione Precisione | F2: 100 | G2: 80 | H2: 20 | I2: 45 | J2: 41.65 | K2: Tolleranza Fuori Limite | L2: =Table2[[#This Row],[QTA_LOTTO]]*Table2[[#This Row],[COSTO_STD_UNITARIO]] -> 4500 | M2: =Table2[[#This Row],[QTA_PRODOTTA_EFF]]*Table2[[#This Row],[COSTO_EFF_UNITARIO]] -> 3332 | N2: =Table2[[#This Row],[TOT_EFF_COST (€)]]-Table2[[#This Row],[TOT_STD_COST (€)]] -> -1168 | O2: =Table2[[#This Row],[QTA_SCARTO]]/Table2[[#This Row],[QTA_LOTTO]] -> 0.2
A3: ODP-2026-1165 | B3: 46343 | C3: Linea 2 - Assemblaggio | D3: ART-ASS-01 | E3: Gruppo Valvola Idraulica Completa | F3: 150 | G3: 148 | H3: 2 | I3: 120 | J3: 117.05 | K3: Usura Utensile | L3: =Table2[[#This Row],[QTA_LOTTO]]*Table2[[#This Row],[COSTO_STD_UNITARIO]] -> 18000 | M3: =Table2[[#This Row],[QTA_PRODOTTA_EFF]]*Table2[[#This Row],[COSTO_EFF_UNITARIO]] -> 17323.4 | N3: =Table2[[#This Row],[TOT_EFF_COST (€)]]-Table2[[#This Row],[TOT_STD_COST (€)]] -> -676.6 | O3: =Table2[[#This Row],[QTA_SCARTO]]/Table2[[#This Row],[QTA_LOTTO]] -> 0.013333333
A4: ODP-2026-1170 | B4: 46347 | C4: Linea 2 - Assemblaggio | D4: ART-ASS-01 | E4: Gruppo Valvola Idraulica Completa | F4: 100 | G4: 90 | H4: 10 | I4: 120 | J4: 116.87 | K4: Difetto Materia Prima | L4: =Table2[[#This Row],[QTA_LOTTO]]*Table2[[#This Row],[COSTO_STD_UNITARIO]] -> 12000 | M4: =Table2[[#This Row],[QTA_PRODOTTA_EFF]]*Table2[[#This Row],[COSTO_EFF_UNITARIO]] -> 10518.3 | N4: =Table2[[#This Row],[TOT_EFF_COST (€)]]-Table2[[#This Row],[TOT_STD_COST (€)]] -> -1481.7 | O4: =Table2[[#This Row],[QTA_SCARTO]]/Table2[[#This Row],[QTA_LOTTO]] -> 0.1
A5: ODP-2026-1102 | B5: 46289 | C5: Linea 1 - Meccanica | D5: ART-ELE-02 | E5: Sensore di Pressione Digitale High-Temp | F5: 150 | G5: 130 | H5: 20 | I5: 65 | J5: 61.71 | K5: Non Definito | L5: =Table2[[#This Row],[QTA_LOTTO]]*Table2[[#This Row],[COSTO_STD_UNITARIO]] -> 9750 | M5: =Table2[[#This Row],[QTA_PRODOTTA_EFF]]*Table2[[#This Row],[COSTO_EFF_UNITARIO]] -> 8022.3 | N5: =Table2[[#This Row],[TOT_EFF_COST (€)]]-Table2[[#This Row],[TOT_STD_COST (€)]] -> -1727.7 | O5: =Table2[[#This Row],[QTA_SCARTO]]/Table2[[#This Row],[QTA_LOTTO]] -> 0.13333333
A6: ODP-2026-1101 | B6: 46288 | C6: Linea 3 - Elettronica | D6: ART-ELE-01 | E6: Scheda Controllo Inverter 400V | F6: 500 | G6: 493 | H6: 7 | I6: 210 | J6: 203.19 | K6: Difetto Materia Prima | L6: =Table2[[#This Row],[QTA_LOTTO]]*Table2[[#This Row],[COSTO_STD_UNITARIO]] -> 105000 | M6: =Table2[[#This Row],[QTA_PRODOTTA_EFF]]*Table2[[#This Row],[COSTO_EFF_UNITARIO]] -> 100172.67 | N6: =Table2[[#This Row],[TOT_EFF_COST (€)]]-Table2[[#This Row],[TOT_STD_COST (€)]] -> -4827.33 | O6: =Table2[[#This Row],[QTA_SCARTO]]/Table2[[#This Row],[QTA_LOTTO]] -> 0.014
A7: ODP-2026-1016 | B7: 46216 | C7: Linea 3 - Elettronica | D7: ART-ASS-01 | E7: Gruppo Valvola Idraulica Completa | F7: 1000 | G7: 920 | H7: 80 | I7: 120 | J7: 115.37 | K7: Problema Saldatura/Smt | L7: =Table2[[#This Row],[QTA_LOTTO]]*Table2[[#This Row],[COSTO_STD_UNITARIO]] -> 120000 | M7: =Table2[[#This Row],[QTA_PRODOTTA_EFF]]*Table2[[#This Row],[COSTO_EFF_UNITARIO]] -> 106140.4 | N7: =Table2[[#This Row],[TOT_EFF_COST (€)]]-Table2[[#This Row],[TOT_STD_COST (€)]] -> -13859.6 | O7: =Table2[[#This Row],[QTA_SCARTO]]/Table2[[#This Row],[QTA_LOTTO]] -> 0.08
A8: ODP-2026-1178 | B8: 46354 | C8: Linea 2 - Assemblaggio | D8: ART-ASS-03 | E8: Modulo Riduttore Epicroidale | F8: 500 | G8: 485 | H8: 15 | I8: 150 | J8: 144.9 | K8: Tolleranza Fuori Limite | L8: =Table2[[#This Row],[QTA_LOTTO]]*Table2[[#This Row],[COSTO_STD_UNITARIO]] -> 75000 | M8: =Table2[[#This Row],[QTA_PRODOTTA_EFF]]*Table2[[#This Row],[COSTO_EFF_UNITARIO]] -> 70276.5 | N8: =Table2[[#This Row],[TOT_EFF_COST (€)]]-Table2[[#This Row],[TOT_STD_COST (€)]] -> -4723.5 | O8: =Table2[[#This Row],[QTA_SCARTO]]/Table2[[#This Row],[QTA_LOTTO]] -> 0.03
A9: ODP-2026-1036 | B9: 46233 | C9: Linea 3 - Elettronica | D9: ART-MEC-03 | E9: Flangia Acciaio Inox 120mm | F9: 500 | G9: 484 | H9: 16 | I9: 35 | J9: 38.08 | K9: Difetto Materia Prima | L9: =Table2[[#This Row],[QTA_LOTTO]]*Table2[[#This Row],[COSTO_STD_UNITARIO]] -> 17500 | M9: =Table2[[#This Row],[QTA_PRODOTTA_EFF]]*Table2[[#This Row],[COSTO_EFF_UNITARIO]] -> 18430.72 | N9: =Table2[[#This Row],[TOT_EFF_COST (€)]]-Table2[[#This Row],[TOT_STD_COST (€)]] -> 930.72 | O9: =Table2[[#This Row],[QTA_SCARTO]]/Table2[[#This Row],[QTA_LOTTO]] -> 0.032
A10: ODP-2026-1120 | B10: 46305 | C10: Linea 1 - Meccanica | D10: ART-MEC-03 | E10: Flangia Acciaio Inox 120mm | F10: 200 | G10: 184 | H10: 16 | I10: 35 | J10: 38.58 | K10: Difetto Materia Prima | L10: =Table2[[#This Row],[QTA_LOTTO]]*Table2[[#This Row],[COSTO_STD_UNITARIO]] -> 7000 | M10: =Table2[[#This Row],[QTA_PRODOTTA_EFF]]*Table2[[#This Row],[COSTO_EFF_UNITARIO]] -> 7098.72 | N10: =Table2[[#This Row],[TOT_EFF_COST (€)]]-Table2[[#This Row],[TOT_STD_COST (€)]] -> 98.72 | O10: =Table2[[#This Row],[QTA_SCARTO]]/Table2[[#This Row],[QTA_LOTTO]] -> 0.08
A11: ODP-2026-1153 | B11: 46333 | C11: Linea 3 - Elettronica | D11: ART-MEC-01 | E11: Albero di Trasmissione Precisione | F11: 200 | G11: 182 | H11: 18 | I11: 45 | J11: 43.96 | K11: Difetto Materia Prima | L11: =Table2[[#This Row],[QTA_LOTTO]]*Table2[[#This Row],[COSTO_STD_UNITARIO]] -> 9000 | M11: =Table2[[#This Row],[QTA_PRODOTTA_EFF]]*Table2[[#This Row],[COSTO_EFF_UNITARIO]] -> 8000.72 | N11: =Table2[[#This Row],[TOT_EFF_COST (€)]]-Table2[[#This Row],[TOT_STD_COST (€)]] -> -999.28 | O11: =Table2[[#This Row],[QTA_SCARTO]]/Table2[[#This Row],[QTA_LOTTO]] -> 0.09
A12: ODP-2026-1025 | B12: 46224 | C12: Linea 3 - Elettronica | D12: ART-MEC-01 | E12: Albero di Trasmissione Precisione | F12: 200 | G12: 196 | H12: 4 | I12: 45 | J12: 45.49 | K12: Errore Set-up Macchina | L12: =Table2[[#This Row],[QTA_LOTTO]]*Table2[[#This Row],[COSTO_STD_UNITARIO]] -> 9000 | M12: =Table2[[#This Row],[QTA_PRODOTTA_EFF]]*Table2[[#This Row],[COSTO_EFF_UNITARIO]] -> 8916.04 | N12: =Table2[[#This Row],[TOT_EFF_COST (€)]]-Table2[[#This Row],[TOT_STD_COST (€)]] -> -83.96 | O12: =Table2[[#This Row],[QTA_SCARTO]]/Table2[[#This Row],[QTA_LOTTO]] -> 0.02
A13: ODP-2026-1077 | B13: 46268 | C13: Linea 3 - Elettronica | D13: ART-ELE-03 | E13: Quadro Comando Touch 10'' Industrial | F13: 250 | G13: 228 | H13: 22 | I13: 340 | J13: 354.02 | K13: Errore Set-up Macchina | L13: =Table2[[#This Row],[QTA_LOTTO]]*Table2[[#This Row],[COSTO_STD_UNITARIO]] -> 85000 | M13: =Table2[[#This Row],[QTA_PRODOTTA_EFF]]*Table2[[#This Row],[COSTO_EFF_UNITARIO]] -> 80716.56 | N13: =Table2[[#This Row],[TOT_EFF_COST (€)]]-Table2[[#This Row],[TOT_STD_COST (€)]] -> -4283.44 | O13: =Table2[[#This Row],[QTA_SCARTO]]/Table2[[#This Row],[QTA_LOTTO]] -> 0.088
... A34: ODP-2026-1112 | B34: 46298 | C34: Linea 3 - Elettronica | D34: ART-ASS-03 | E34: Modulo Riduttore Epicroidale | F34: 100 | G34: 77 | H34: 23 | I34: 150 | J34: 145.94 | K34: Problema Saldatura/Smt | L34: =Table2[[#This Row],[QTA_LOTTO]]*Table2[[#This Row],[COSTO_STD_UNITARIO]] -> 15000 | M34: =Table2[[#This Row],[QTA_PRODOTTA_EFF]]*Table2[[#This Row],[COSTO_EFF_UNITARIO]] -> 11237.38 | N34: =Table2[[#This Row],[TOT_EFF_COST (€)]]-Table2[[#This Row],[TOT_STD_COST (€)]] -> -3762.62 | O34: =Table2[[#This Row],[QTA_SCARTO]]/Table2[[#This Row],[QTA_LOTTO]] -> 0.23
A35: ODP-2026-1046 | B35: 46242 | C35: Linea 1 - Meccanica | D35: ART-ELE-03 | E35: Quadro Comando Touch 10'' Industrial | F35: 300 | G35: =CLEAN_Dump_Produzione!$F35-CLEAN_Dump_Produzione!$H35 -> 276 | H35: 24 | I35: 340 | J35: 356.11 | K35: Usura Utensile | L35: =Table2[[#This Row],[QTA_LOTTO]]*Table2[[#This Row],[COSTO_STD_UNITARIO]] -> 102000 | M35: =Table2[[#This Row],[QTA_PRODOTTA_EFF]]*Table2[[#This Row],[COSTO_EFF_UNITARIO]] -> 98286.36 | N35: =Table2[[#This Row],[TOT_EFF_COST (€)]]-Table2[[#This Row],[TOT_STD_COST (€)]] -> -3713.64 | O35: =Table2[[#This Row],[QTA_SCARTO]]/Table2[[#This Row],[QTA_LOTTO]] -> 0.08
A36: ODP-2026-1068 | B36: 46260 | C36: Linea 2 - Assemblaggio | D36: ART-MEC-01 | E36: Albero di Trasmissione Precisione | F36: 1000 | G36: 993 | H36: 7 | I36: 45 | J36: 42.06 | K36: Non Definito | L36: =Table2[[#This Row],[QTA_LOTTO]]*Table2[[#This Row],[COSTO_STD_UNITARIO]] -> 45000 | M36: =Table2[[#This Row],[QTA_PRODOTTA_EFF]]*Table2[[#This Row],[COSTO_EFF_UNITARIO]] -> 41765.58 | N36: =Table2[[#This Row],[TOT_EFF_COST (€)]]-Table2[[#This Row],[TOT_STD_COST (€)]] -> -3234.42 | O36: =Table2[[#This Row],[QTA_SCARTO]]/Table2[[#This Row],[QTA_LOTTO]] -> 0.007
A37: ODP-2026-1162 | B37: 46340 | C37: Linea 1 - Meccanica | D37: ART-ELE-02 | E37: Sensore di Pressione Digitale High-Temp | F37: 300 | G37: 287 | H37: 13 | I37: 65 | J37: 61.78 | K37: Errore Set-up Macchina | L37: =Table2[[#This Row],[QTA_LOTTO]]*Table2[[#This Row],[COSTO_STD_UNITARIO]] -> 19500 | M37: =Table2[[#This Row],[QTA_PRODOTTA_EFF]]*Table2[[#This Row],[COSTO_EFF_UNITARIO]] -> 17730.86 | N37: =Table2[[#This Row],[TOT_EFF_COST (€)]]-Table2[[#This Row],[TOT_STD_COST (€)]] -> -1769.14 | O37: =Table2[[#This Row],[QTA_SCARTO]]/Table2[[#This Row],[QTA_LOTTO]] -> 0.043333333
A38: ODP-2026-1030 | B38: 46228 | C38: Linea 2 - Assemblaggio | D38: ART-MEC-02 | E38: Ingranaggio Elicoidale Z45 | F38: 100 | G38: 84 | H38: 16 | I38: 28 | J38: 25.62 | K38: Errore Set-up Macchina | L38: =Table2[[#This Row],[QTA_LOTTO]]*Table2[[#This Row],[COSTO_STD_UNITARIO]] -> 2800 | M38: =Table2[[#This Row],[QTA_PRODOTTA_EFF]]*Table2[[#This Row],[COSTO_EFF_UNITARIO]] -> 2152.08 | N38: =Table2[[#This Row],[TOT_EFF_COST (€)]]-Table2[[#This Row],[TOT_STD_COST (€)]] -> -647.92 | O38: =Table2[[#This Row],[QTA_SCARTO]]/Table2[[#This Row],[QTA_LOTTO]] -> 0.16
A39: ODP-2026-1124 | B39: 46308 | C39: Linea 3 - Elettronica | D39: ART-ELE-01 | E39: Scheda Controllo Inverter 400V | F39: 250 | G39: 244 | H39: 6 | I39: 210 | J39: 206.23 | K39: Problema Saldatura/Smt | L39: =Table2[[#This Row],[QTA_LOTTO]]*Table2[[#This Row],[COSTO_STD_UNITARIO]] -> 52500 | M39: =Table2[[#This Row],[QTA_PRODOTTA_EFF]]*Table2[[#This Row],[COSTO_EFF_UNITARIO]] -> 50320.12 | N39: =Table2[[#This Row],[TOT_EFF_COST (€)]]-Table2[[#This Row],[TOT_STD_COST (€)]] -> -2179.88 | O39: =Table2[[#This Row],[QTA_SCARTO]]/Table2[[#This Row],[QTA_LOTTO]] -> 0.024
A40: ODP-2026-1136 | B40: 46318 | C40: Linea 3 - Elettronica | D40: ART-ELE-02 | E40: Sensore di Pressione Digitale High-Temp | F40: 300 | G40: 276 | H40: 24 | I40: 65 | J40: 61.5 | K40: Errore Set-up Macchina | L40: =Table2[[#This Row],[QTA_LOTTO]]*Table2[[#This Row],[COSTO_STD_UNITARIO]] -> 19500 | M40: =Table2[[#This Row],[QTA_PRODOTTA_EFF]]*Table2[[#This Row],[COSTO_EFF_UNITARIO]] -> 16974 | N40: =Table2[[#This Row],[TOT_EFF_COST (€)]]-Table2[[#This Row],[TOT_STD_COST (€)]] -> -2526 | O40: =Table2[[#This Row],[QTA_SCARTO]]/Table2[[#This Row],[QTA_LOTTO]] -> 0.08
A41: ODP-2026-1151 | B41: 46331 | C41: Linea 2 - Assemblaggio | D41: ART-ELE-03 | E41: Quadro Comando Touch 10'' Industrial | F41: 100 | G41: 92 | H41: 8 | I41: 340 | J41: 357.88 | K41: Tolleranza Fuori Limite | L41: =Table2[[#This Row],[QTA_LOTTO]]*Table2[[#This Row],[COSTO_STD_UNITARIO]] -> 34000 | M41: =Table2[[#This Row],[QTA_PRODOTTA_EFF]]*Table2[[#This Row],[COSTO_EFF_UNITARIO]] -> 32924.96 | N41: =Table2[[#This Row],[TOT_EFF_COST (€)]]-Table2[[#This Row],[TOT_STD_COST (€)]] -> -1075.04 | O41: =Table2[[#This Row],[QTA_SCARTO]]/Table2[[#This Row],[QTA_LOTTO]] -> 0.08
A42: ODP-2026-1032 | B42: 46230 | C42: Linea 2 - Assemblaggio | D42: ART-ELE-01 | E42: Scheda Controllo Inverter 400V | F42: 1000 | G42: 981 | H42: 19 | I42: 210 | J42: 205.72 | K42: Difetto Materia Prima | L42: =Table2[[#This Row],[QTA_LOTTO]]*Table2[[#This Row],[COSTO_STD_UNITARIO]] -> 210000 | M42: =Table2[[#This Row],[QTA_PRODOTTA_EFF]]*Table2[[#This Row],[COSTO_EFF_UNITARIO]] -> 201811.32 | N42: =Table2[[#This Row],[TOT_EFF_COST (€)]]-Table2[[#This Row],[TOT_STD_COST (€)]] -> -8188.68 | O42: =Table2[[#This Row],[QTA_SCARTO]]/Table2[[#This Row],[QTA_LOTTO]] -> 0.019
A43: ODP-2026-1013 | B43: 46214 | C43: Linea 2 - Assemblaggio | D43: ART-ELE-01 | E43: Scheda Controllo Inverter 400V | F43: 500 | G43: 479 | H43: 21 | I43: 210 | J43: 203.37 | K43: Non Definito | L43: =Table2[[#This Row],[QTA_LOTTO]]*Table2[[#This Row],[COSTO_STD_UNITARIO]] -> 105000 | M43: =Table2[[#This Row],[QTA_PRODOTTA_EFF]]*Table2[[#This Row],[COSTO_EFF_UNITARIO]] -> 97414.23 | N43: =Table2[[#This Row],[TOT_EFF_COST (€)]]-Table2[[#This Row],[TOT_STD_COST (€)]] -> -7585.77 | O43: =Table2[[#This Row],[QTA_SCARTO]]/Table2[[#This Row],[QTA_LOTTO]] -> 0.042
A44: ODP-2026-1042 | B44: 46238 | C44: Linea 3 - Elettronica | D44: ART-ELE-02 | E44: Sensore di Pressione Digitale High-Temp | F44: 500 | G44: 492 | H44: 8 | I44: 65 | J44: 62.25 | K44: Tolleranza Fuori Limite | L44: =Table2[[#This Row],[QTA_LOTTO]]*Table2[[#This Row],[COSTO_STD_UNITARIO]] -> 32500 | M44: =Table2[[#This Row],[QTA_PRODOTTA_EFF]]*Table2[[#This Row],[COSTO_EFF_UNITARIO]] -> 30627 | N44: =Table2[[#This Row],[TOT_EFF_COST (€)]]-Table2[[#This Row],[TOT_STD_COST (€)]] -> -1873 | O44: =Table2[[#This Row],[QTA_SCARTO]]/Table2[[#This Row],[QTA_LOTTO]] -> 0.016
A45: ODP-2026-1052 | B45: 46247 | C45: Linea 1 - Meccanica | D45: ART-MEC-01 | E45: Albero di Trasmissione Precisione | F45: 100 | G45: 86 | H45: 14 | I45: 45 | J45: 41.25 | K45: Difetto Materia Prima | L45: =Table2[[#This Row],[QTA_LOTTO]]*Table2[[#This Row],[COSTO_STD_UNITARIO]] -> 4500 | M45: =Table2[[#This Row],[QTA_PRODOTTA_EFF]]*Table2[[#This Row],[COSTO_EFF_UNITARIO]] -> 3547.5 | N45: =Table2[[#This Row],[TOT_EFF_COST (€)]]-Table2[[#This Row],[TOT_STD_COST (€)]] -> -952.5 | O45: =Table2[[#This Row],[QTA_SCARTO]]/Table2[[#This Row],[QTA_LOTTO]] -> 0.14
A46: ODP-2026-1057 | B46: 46251 | C46: Linea 3 - Elettronica | D46: ART-ELE-01 | E46: Scheda Controllo Inverter 400V | F46: 100 | G46: 77 | H46: 23 | I46: 210 | J46: 203.77 | K46: Errore Set-up Macchina | L46: =Table2[[#This Row],[QTA_LOTTO]]*Table2[[#This Row],[COSTO_STD_UNITARIO]] -> 21000 | M46: =Table2[[#This Row],[QTA_PRODOTTA_EFF]]*Table2[[#This Row],[COSTO_EFF_UNITARIO]] -> 15690.29 | N46: =Table2[[#This Row],[TOT_EFF_COST (€)]]-Table2[[#This Row],[TOT_STD_COST (€)]] -> -5309.71 | O46: =Table2[[#This Row],[QTA_SCARTO]]/Table2[[#This Row],[QTA_LOTTO]] -> 0.23
A47: ODP-2026-1094 | B47: 46282 | C47: Linea 3 - Elettronica | D47: ART-ASS-02 | E47: Attuatore Pneumatico Bi-Stadio | F47: 150 | G47: 129 | H47: 21 | I47: 85 | J47: 92.05 | K47: Difetto Materia Prima | L47: =Table2[[#This Row],[QTA_LOTTO]]*Table2[[#This Row],[COSTO_STD_UNITARIO]] -> 12750 | M47: =Table2[[#This Row],[QTA_PRODOTTA_EFF]]*Table2[[#This Row],[COSTO_EFF_UNITARIO]] -> 11874.45 | N47: =Table2[[#This Row],[TOT_EFF_COST (€)]]-Table2[[#This Row],[TOT_STD_COST (€)]] -> -875.55 | O47: =Table2[[#This Row],[QTA_SCARTO]]/Table2[[#This Row],[QTA_LOTTO]] -> 0.14
... A55: ODP-2026-1003 | B55: 46205 | C55: Linea 1 - Meccanica | D55: ART-ASS-02 | E55: Attuatore Pneumatico Bi-Stadio | F55: 100 | G55: 77 | H55: 23 | I55: 85 | J55: 89.49 | K55: Tolleranza Fuori Limite | L55: =Table2[[#This Row],[QTA_LOTTO]]*Table2[[#This Row],[COSTO_STD_UNITARIO]] -> 8500 | M55: =Table2[[#This Row],[QTA_PRODOTTA_EFF]]*Table2[[#This Row],[COSTO_EFF_UNITARIO]] -> 6890.73 | N55: =Table2[[#This Row],[TOT_EFF_COST (€)]]-Table2[[#This Row],[TOT_STD_COST (€)]] -> -1609.27 | O55: =Table2[[#This Row],[QTA_SCARTO]]/Table2[[#This Row],[QTA_LOTTO]] -> 0.23
A56: ODP-2026-1113 | B56: 46299 | C56: Linea 2 - Assemblaggio | D56: ART-ASS-01 | E56: Gruppo Valvola Idraulica Completa | F56: 500 | G56: =CLEAN_Dump_Produzione!$F56-CLEAN_Dump_Produzione!$H56 -> 495 | H56: 5 | I56: 120 | J56: 114.01 | K56: Usura Utensile | L56: =Table2[[#This Row],[QTA_LOTTO]]*Table2[[#This Row],[COSTO_STD_UNITARIO]] -> 60000 | M56: =Table2[[#This Row],[QTA_PRODOTTA_EFF]]*Table2[[#This Row],[COSTO_EFF_UNITARIO]] -> 56434.95 | N56: =Table2[[#This Row],[TOT_EFF_COST (€)]]-Table2[[#This Row],[TOT_STD_COST (€)]] -> -3565.05 | O56: =Table2[[#This Row],[QTA_SCARTO]]/Table2[[#This Row],[QTA_LOTTO]] -> 0.01
A57: ODP-2026-1047 | B57: 46243 | C57: Linea 2 - Assemblaggio | D57: ART-ASS-01 | E57: Gruppo Valvola Idraulica Completa | F57: 300 | G57: 279 | H57: 21 | I57: 120 | J57: 116.94 | K57: Problema Saldatura/Smt | L57: =Table2[[#This Row],[QTA_LOTTO]]*Table2[[#This Row],[COSTO_STD_UNITARIO]] -> 36000 | M57: =Table2[[#This Row],[QTA_PRODOTTA_EFF]]*Table2[[#This Row],[COSTO_EFF_UNITARIO]] -> 32626.26 | N57: =Table2[[#This Row],[TOT_EFF_COST (€)]]-Table2[[#This Row],[TOT_STD_COST (€)]] -> -3373.74 | O57: =Table2[[#This Row],[QTA_SCARTO]]/Table2[[#This Row],[QTA_LOTTO]] -> 0.07
A58: ODP-2026-1066 | B58: 46259 | C58: Linea 1 - Meccanica | D58: ART-ELE-03 | E58: Quadro Comando Touch 10'' Industrial | F58: 250 | G58: 240 | H58: 10 | I58: 340 | J58: 356.58 | K58: Problema Saldatura/Smt | L58: =Table2[[#This Row],[QTA_LOTTO]]*Table2[[#This Row],[COSTO_STD_UNITARIO]] -> 85000 | M58: =Table2[[#This Row],[QTA_PRODOTTA_EFF]]*Table2[[#This Row],[COSTO_EFF_UNITARIO]] -> 85579.2 | N58: =Table2[[#This Row],[TOT_EFF_COST (€)]]-Table2[[#This Row],[TOT_STD_COST (€)]] -> 579.2 | O58: =Table2[[#This Row],[QTA_SCARTO]]/Table2[[#This Row],[QTA_LOTTO]] -> 0.04
A59: ODP-2026-1061 | B59: 46254 | C59: Linea 1 - Meccanica | D59: ART-MEC-01 | E59: Albero di Trasmissione Precisione | F59: 250 | G59: 230 | H59: 20 | I59: 45 | J59: 43.26 | K59: Tolleranza Fuori Limite | L59: =Table2[[#This Row],[QTA_LOTTO]]*Table2[[#This Row],[COSTO_STD_UNITARIO]] -> 11250 | M59: =Table2[[#This Row],[QTA_PRODOTTA_EFF]]*Table2[[#This Row],[COSTO_EFF_UNITARIO]] -> 9949.8 | N59: =Table2[[#This Row],[TOT_EFF_COST (€)]]-Table2[[#This Row],[TOT_STD_COST (€)]] -> -1300.2 | O59: =Table2[[#This Row],[QTA_SCARTO]]/Table2[[#This Row],[QTA_LOTTO]] -> 0.08
A60: ODP-2026-1019 | B60: 46219 | C60: Linea 1 - Meccanica | D60: ART-MEC-03 | E60: Flangia Acciaio Inox 120mm | F60: 300 | G60: 285 | H60: 15 | I60: 35 | J60: 39.82 | K60: Tolleranza Fuori Limite | L60: =Table2[[#This Row],[QTA_LOTTO]]*Table2[[#This Row],[COSTO_STD_UNITARIO]] -> 10500 | M60: =Table2[[#This Row],[QTA_PRODOTTA_EFF]]*Table2[[#This Row],[COSTO_EFF_UNITARIO]] -> 11348.7 | N60: =Table2[[#This Row],[TOT_EFF_COST (€)]]-Table2[[#This Row],[TOT_STD_COST (€)]] -> 848.7 | O60: =Table2[[#This Row],[QTA_SCARTO]]/Table2[[#This Row],[QTA_LOTTO]] -> 0.05
A61: ODP-2026-1179 | B61: 46355 | C61: Linea 1 - Meccanica | D61: ART-MEC-02 | E61: Ingranaggio Elicoidale Z45 | F61: 150 | G61: 145 | H61: 5 | I61: 28 | J61: 28.76 | K61: Problema Saldatura/Smt | L61: =Table2[[#This Row],[QTA_LOTTO]]*Table2[[#This Row],[COSTO_STD_UNITARIO]] -> 4200 | M61: =Table2[[#This Row],[QTA_PRODOTTA_EFF]]*Table2[[#This Row],[COSTO_EFF_UNITARIO]] -> 4170.2 | N61: =Table2[[#This Row],[TOT_EFF_COST (€)]]-Table2[[#This Row],[TOT_STD_COST (€)]] -> -29.8 | O61: =Table2[[#This Row],[QTA_SCARTO]]/Table2[[#This Row],[QTA_LOTTO]] -> 0.033333333
A62: ODP-2026-1027 | B62: 46226 | C62: Linea 1 - Meccanica | D62: ART-ELE-02 | E62: Sensore di Pressione Digitale High-Temp | F62: 300 | G62: 276 | H62: 24 | I62: 65 | J62: 63.89 | K62: Tolleranza Fuori Limite | L62: =Table2[[#This Row],[QTA_LOTTO]]*Table2[[#This Row],[COSTO_STD_UNITARIO]] -> 19500 | M62: =Table2[[#This Row],[QTA_PRODOTTA_EFF]]*Table2[[#This Row],[COSTO_EFF_UNITARIO]] -> 17633.64 | N62: =Table2[[#This Row],[TOT_EFF_COST (€)]]-Table2[[#This Row],[TOT_STD_COST (€)]] -> -1866.36 | O62: =Table2[[#This Row],[QTA_SCARTO]]/Table2[[#This Row],[QTA_LOTTO]] -> 0.08
A63: ODP-2026-1160 | B63: 46339 | C63: Linea 3 - Elettronica | D63: ART-ELE-02 | E63: Sensore di Pressione Digitale High-Temp | F63: 200 | G63: 190 | H63: 10 | I63: 65 | J63: 60.78 | K63: Problema Saldatura/Smt | L63: =Table2[[#This Row],[QTA_LOTTO]]*Table2[[#This Row],[COSTO_STD_UNITARIO]] -> 13000 | M63: =Table2[[#This Row],[QTA_PRODOTTA_EFF]]*Table2[[#This Row],[COSTO_EFF_UNITARIO]] -> 11548.2 | N63: =Table2[[#This Row],[TOT_EFF_COST (€)]]-Table2[[#This Row],[TOT_STD_COST (€)]] -> -1451.8 | O63: =Table2[[#This Row],[QTA_SCARTO]]/Table2[[#This Row],[QTA_LOTTO]] -> 0.05
A64: ODP-2026-1105 | B64: 46292 | C64: Linea 3 - Elettronica | D64: ART-MEC-02 | E64: Ingranaggio Elicoidale Z45 | F64: 500 | G64: 488 | H64: 12 | I64: 28 | J64: 25.71 | K64: Problema Saldatura/Smt | L64: =Table2[[#This Row],[QTA_LOTTO]]*Table2[[#This Row],[COSTO_STD_UNITARIO]] -> 14000 | M64: =Table2[[#This Row],[QTA_PRODOTTA_EFF]]*Table2[[#This Row],[COSTO_EFF_UNITARIO]] -> 12546.48 | N64: =Table2[[#This Row],[TOT_EFF_COST (€)]]-Table2[[#This Row],[TOT_STD_COST (€)]] -> -1453.52 | O64: =Table2[[#This Row],[QTA_SCARTO]]/Table2[[#This Row],[QTA_LOTTO]] -> 0.024
A65: ODP-2026-1118 | B65: 46303 | C65: Linea 3 - Elettronica | D65: ART-ASS-01 | E65: Gruppo Valvola Idraulica Completa | F65: 1000 | G65: 982 | H65: 18 | I65: 120 | J65: 117.4 | K65: Difetto Materia Prima | L65: =Table2[[#This Row],[QTA_LOTTO]]*Table2[[#This Row],[COSTO_STD_UNITARIO]] -> 120000 | M65: =Table2[[#This Row],[QTA_PRODOTTA_EFF]]*Table2[[#This Row],[COSTO_EFF_UNITARIO]] -> 115286.8 | N65: =Table2[[#This Row],[TOT_EFF_COST (€)]]-Table2[[#This Row],[TOT_STD_COST (€)]] -> -4713.2 | O65: =Table2[[#This Row],[QTA_SCARTO]]/Table2[[#This Row],[QTA_LOTTO]] -> 0.018
A66: ODP-2026-1037 | B66: 46234 | C66: Linea 1 - Meccanica | D66: ART-ELE-03 | E66: Quadro Comando Touch 10'' Industrial | F66: 250 | G66: 226 | H66: 24 | I66: 340 | J66: 355.51 | K66: Errore Set-up Macchina | L66: =Table2[[#This Row],[QTA_LOTTO]]*Table2[[#This Row],[COSTO_STD_UNITARIO]] -> 85000 | M66: =Table2[[#This Row],[QTA_PRODOTTA_EFF]]*Table2[[#This Row],[COSTO_EFF_UNITARIO]] -> 80345.26 | N66: =Table2[[#This Row],[TOT_EFF_COST (€)]]-Table2[[#This Row],[TOT_STD_COST (€)]] -> -4654.74 | O66: =Table2[[#This Row],[QTA_SCARTO]]/Table2[[#This Row],[QTA_LOTTO]] -> 0.096
A67: ODP-2026-1125 | B67: 46309 | C67: Linea 2 - Assemblaggio | D67: ART-MEC-03 | E67: Flangia Acciaio Inox 120mm | F67: 150 | G67: 138 | H67: 12 | I67: 35 | J67: 37.62 | K67: Difetto Materia Prima | L67: =Table2[[#This Row],[QTA_LOTTO]]*Table2[[#This Row],[COSTO_STD_UNITARIO]] -> 5250 | M67: =Table2[[#This Row],[QTA_PRODOTTA_EFF]]*Table2[[#This Row],[COSTO_EFF_UNITARIO]] -> 5191.56 | N67: =Table2[[#This Row],[TOT_EFF_COST (€)]]-Table2[[#This Row],[TOT_STD_COST (€)]] -> -58.44 | O67: =Table2[[#This Row],[QTA_SCARTO]]/Table2[[#This Row],[QTA_LOTTO]] -> 0.08
A68: ODP-2026-1023 | B68: 46222 | C68: Linea 3 - Elettronica | D68: ART-ASS-02 | E68: Attuatore Pneumatico Bi-Stadio | F68: 500 | G68: 480 | H68: 20 | I68: 85 | J68: 91.08 | K68: Problema Saldatura/Smt | L68: =Table2[[#This Row],[QTA_LOTTO]]*Table2[[#This Row],[COSTO_STD_UNITARIO]] -> 42500 | M68: =Table2[[#This Row],[QTA_PRODOTTA_EFF]]*Table2[[#This Row],[COSTO_EFF_UNITARIO]] -> 43718.4 | N68: =Table2[[#This Row],[TOT_EFF_COST (€)]]-Table2[[#This Row],[TOT_STD_COST (€)]] -> 1218.4 | O68: =Table2[[#This Row],[QTA_SCARTO]]/Table2[[#This Row],[QTA_LOTTO]] -> 0.04
... A99: ODP-2026-1026 | B99: 46225 | C99: Linea 2 - Assemblaggio | D99: ART-MEC-01 | E99: Albero di Trasmissione Precisione | F99: 100 | G99: 84 | H99: 16 | I99: 45 | J99: 44.14 | K99: Problema Saldatura/Smt | L99: =Table2[[#This Row],[QTA_LOTTO]]*Table2[[#This Row],[COSTO_STD_UNITARIO]] -> 4500 | M99: =Table2[[#This Row],[QTA_PRODOTTA_EFF]]*Table2[[#This Row],[COSTO_EFF_UNITARIO]] -> 3707.76 | N99: =Table2[[#This Row],[TOT_EFF_COST (€)]]-Table2[[#This Row],[TOT_STD_COST (€)]] -> -792.24 | O99: =Table2[[#This Row],[QTA_SCARTO]]/Table2[[#This Row],[QTA_LOTTO]] -> 0.16
A100: ODP-2026-1024 | B100: 46223 | C100: Linea 1 - Meccanica | D100: ART-MEC-03 | E100: Flangia Acciaio Inox 120mm | F100: 200 | G100: =CLEAN_Dump_Produzione!$F100-CLEAN_Dump_Produzione!$H100 -> 192 | H100: 8 | I100: 35 | J100: 39.15 | K100: Problema Saldatura/Smt | L100: =Table2[[#This Row],[QTA_LOTTO]]*Table2[[#This Row],[COSTO_STD_UNITARIO]] -> 7000 | M100: =Table2[[#This Row],[QTA_PRODOTTA_EFF]]*Table2[[#This Row],[COSTO_EFF_UNITARIO]] -> 7516.8 | N100: =Table2[[#This Row],[TOT_EFF_COST (€)]]-Table2[[#This Row],[TOT_STD_COST (€)]] -> 516.8 | O100: =Table2[[#This Row],[QTA_SCARTO]]/Table2[[#This Row],[QTA_LOTTO]] -> 0.04
A101: ODP-2026-1139 | B101: 46321 | C101: Linea 2 - Assemblaggio | D101: ART-ASS-02 | E101: Attuatore Pneumatico Bi-Stadio | F101: 200 | G101: 186 | H101: 14 | I101: 85 | J101: 91.4 | K101: Problema Saldatura/Smt | L101: =Table2[[#This Row],[QTA_LOTTO]]*Table2[[#This Row],[COSTO_STD_UNITARIO]] -> 17000 | M101: =Table2[[#This Row],[QTA_PRODOTTA_EFF]]*Table2[[#This Row],[COSTO_EFF_UNITARIO]] -> 17000.4 | N101: =Table2[[#This Row],[TOT_EFF_COST (€)]]-Table2[[#This Row],[TOT_STD_COST (€)]] -> 0.4 | O101: =Table2[[#This Row],[QTA_SCARTO]]/Table2[[#This Row],[QTA_LOTTO]] -> 0.07
A102: ODP-2026-1082 | B102: 46272 | C102: Linea 1 - Meccanica | D102: ART-ASS-02 | E102: Attuatore Pneumatico Bi-Stadio | F102: 500 | G102: 495 | H102: 5 | I102: 85 | J102: 90.34 | K102: Usura Utensile | L102: =Table2[[#This Row],[QTA_LOTTO]]*Table2[[#This Row],[COSTO_STD_UNITARIO]] -> 42500 | M102: =Table2[[#This Row],[QTA_PRODOTTA_EFF]]*Table2[[#This Row],[COSTO_EFF_UNITARIO]] -> 44718.3 | N102: =Table2[[#This Row],[TOT_EFF_COST (€)]]-Table2[[#This Row],[TOT_STD_COST (€)]] -> 2218.3 | O102: =Table2[[#This Row],[QTA_SCARTO]]/Table2[[#This Row],[QTA_LOTTO]] -> 0.01
A103: ODP-2026-1080 | B103: 46271 | C103: Linea 1 - Meccanica | D103: ART-MEC-03 | E103: Flangia Acciaio Inox 120mm | F103: 250 | G103: 226 | H103: 24 | I103: 35 | J103: 37.71 | K103: Tolleranza Fuori Limite | L103: =Table2[[#This Row],[QTA_LOTTO]]*Table2[[#This Row],[COSTO_STD_UNITARIO]] -> 8750 | M103: =Table2[[#This Row],[QTA_PRODOTTA_EFF]]*Table2[[#This Row],[COSTO_EFF_UNITARIO]] -> 8522.46 | N103: =Table2[[#This Row],[TOT_EFF_COST (€)]]-Table2[[#This Row],[TOT_STD_COST (€)]] -> -227.54 | O103: =Table2[[#This Row],[QTA_SCARTO]]/Table2[[#This Row],[QTA_LOTTO]] -> 0.096
A104: ODP-2026-1085 | B104: 46275 | C104: Linea 2 - Assemblaggio | D104: ART-ASS-01 | E104: Gruppo Valvola Idraulica Completa | F104: 100 | G104: 90 | H104: 10 | I104: 120 | J104: 114.13 | K104: Tolleranza Fuori Limite | L104: =Table2[[#This Row],[QTA_LOTTO]]*Table2[[#This Row],[COSTO_STD_UNITARIO]] -> 12000 | M104: =Table2[[#This Row],[QTA_PRODOTTA_EFF]]*Table2[[#This Row],[COSTO_EFF_UNITARIO]] -> 10271.7 | N104: =Table2[[#This Row],[TOT_EFF_COST (€)]]-Table2[[#This Row],[TOT_STD_COST (€)]] -> -1728.3 | O104: =Table2[[#This Row],[QTA_SCARTO]]/Table2[[#This Row],[QTA_LOTTO]] -> 0.1
A105: ODP-2026-1040 | B105: 46237 | C105: Linea 2 - Assemblaggio | D105: ART-ASS-02 | E105: Attuatore Pneumatico Bi-Stadio | F105: 1000 | G105: 992 | H105: 8 | I105: 85 | J105: 89.97 | K105: Errore Set-up Macchina | L105: =Table2[[#This Row],[QTA_LOTTO]]*Table2[[#This Row],[COSTO_STD_UNITARIO]] -> 85000 | M105: =Table2[[#This Row],[QTA_PRODOTTA_EFF]]*Table2[[#This Row],[COSTO_EFF_UNITARIO]] -> 89250.24 | N105: =Table2[[#This Row],[TOT_EFF_COST (€)]]-Table2[[#This Row],[TOT_STD_COST (€)]] -> 4250.24 | O105: =Table2[[#This Row],[QTA_SCARTO]]/Table2[[#This Row],[QTA_LOTTO]] -> 0.008
A106: ODP-2026-1115 | B106: 46300 | C106: Linea 1 - Meccanica | D106: ART-ELE-01 | E106: Scheda Controllo Inverter 400V | F106: 1000 | G106: 979 | H106: 21 | I106: 210 | J106: 204.7 | K106: Tolleranza Fuori Limite | L106: =Table2[[#This Row],[QTA_LOTTO]]*Table2[[#This Row],[COSTO_STD_UNITARIO]] -> 210000 | M106: =Table2[[#This Row],[QTA_PRODOTTA_EFF]]*Table2[[#This Row],[COSTO_EFF_UNITARIO]] -> 200401.3 | N106: =Table2[[#This Row],[TOT_EFF_COST (€)]]-Table2[[#This Row],[TOT_STD_COST (€)]] -> -9598.7 | O106: =Table2[[#This Row],[QTA_SCARTO]]/Table2[[#This Row],[QTA_LOTTO]] -> 0.021
A107: ODP-2026-1087 | B107: 46277 | C107: Linea 1 - Meccanica | D107: ART-ASS-01 | E107: Gruppo Valvola Idraulica Completa | F107: 1000 | G107: 996 | H107: 4 | I107: 120 | J107: 116.32 | K107: Tolleranza Fuori Limite | L107: =Table2[[#This Row],[QTA_LOTTO]]*Table2[[#This Row],[COSTO_STD_UNITARIO]] -> 120000 | M107: =Table2[[#This Row],[QTA_PRODOTTA_EFF]]*Table2[[#This Row],[COSTO_EFF_UNITARIO]] -> 115854.72 | N107: =Table2[[#This Row],[TOT_EFF_COST (€)]]-Table2[[#This Row],[TOT_STD_COST (€)]] -> -4145.28 | O107: =Table2[[#This Row],[QTA_SCARTO]]/Table2[[#This Row],[QTA_LOTTO]] -> 0.004
A108: ODP-2026-1043 | B108: 46239 | C108: Linea 2 - Assemblaggio | D108: ART-ASS-01 | E108: Gruppo Valvola Idraulica Completa | F108: 200 | G108: 177 | H108: 23 | I108: 120 | J108: 117.25 | K108: Difetto Materia Prima | L108: =Table2[[#This Row],[QTA_LOTTO]]*Table2[[#This Row],[COSTO_STD_UNITARIO]] -> 24000 | M108: =Table2[[#This Row],[QTA_PRODOTTA_EFF]]*Table2[[#This Row],[COSTO_EFF_UNITARIO]] -> 20753.25 | N108: =Table2[[#This Row],[TOT_EFF_COST (€)]]-Table2[[#This Row],[TOT_STD_COST (€)]] -> -3246.75 | O108: =Table2[[#This Row],[QTA_SCARTO]]/Table2[[#This Row],[QTA_LOTTO]] -> 0.115
A109: ODP-2026-1156 | B109: 46335 | C109: Linea 1 - Meccanica | D109: ART-ASS-03 | E109: Modulo Riduttore Epicroidale | F109: 150 | G109: 131 | H109: 19 | I109: 150 | J109: 146.32 | K109: Usura Utensile | L109: =Table2[[#This Row],[QTA_LOTTO]]*Table2[[#This Row],[COSTO_STD_UNITARIO]] -> 22500 | M109: =Table2[[#This Row],[QTA_PRODOTTA_EFF]]*Table2[[#This Row],[COSTO_EFF_UNITARIO]] -> 19167.92 | N109: =Table2[[#This Row],[TOT_EFF_COST (€)]]-Table2[[#This Row],[TOT_STD_COST (€)]] -> -3332.08 | O109: =Table2[[#This Row],[QTA_SCARTO]]/Table2[[#This Row],[QTA_LOTTO]] -> 0.12666667
A110: ODP-2026-1048 | B110: 46243 | C110: Linea 2 - Assemblaggio | D110: ART-ASS-02 | E110: Attuatore Pneumatico Bi-Stadio | F110: 300 | G110: 295 | H110: 5 | I110: 85 | J110: 90.29 | K110: Difetto Materia Prima | L110: =Table2[[#This Row],[QTA_LOTTO]]*Table2[[#This Row],[COSTO_STD_UNITARIO]] -> 25500 | M110: =Table2[[#This Row],[QTA_PRODOTTA_EFF]]*Table2[[#This Row],[COSTO_EFF_UNITARIO]] -> 26635.55 | N110: =Table2[[#This Row],[TOT_EFF_COST (€)]]-Table2[[#This Row],[TOT_STD_COST (€)]] -> 1135.55 | O110: =Table2[[#This Row],[QTA_SCARTO]]/Table2[[#This Row],[QTA_LOTTO]] -> 0.016666667
A111: ODP-2026-1095 | B111: 46283 | C111: Linea 1 - Meccanica | D111: ART-MEC-03 | E111: Flangia Acciaio Inox 120mm | F111: 200 | G111: 188 | H111: 12 | I111: 35 | J111: 39.23 | K111: Difetto Materia Prima | L111: =Table2[[#This Row],[QTA_LOTTO]]*Table2[[#This Row],[COSTO_STD_UNITARIO]] -> 7000 | M111: =Table2[[#This Row],[QTA_PRODOTTA_EFF]]*Table2[[#This Row],[COSTO_EFF_UNITARIO]] -> 7375.24 | N111: =Table2[[#This Row],[TOT_EFF_COST (€)]]-Table2[[#This Row],[TOT_STD_COST (€)]] -> 375.24 | O111: =Table2[[#This Row],[QTA_SCARTO]]/Table2[[#This Row],[QTA_LOTTO]] -> 0.06
A112: ODP-2026-1142 | B112: 46323 | C112: Linea 3 - Elettronica | D112: ART-ASS-03 | E112: Modulo Riduttore Epicroidale | F112: 1000 | G112: 979 | H112: 21 | I112: 150 | J112: 147.77 | K112: Difetto Materia Prima | L112: =Table2[[#This Row],[QTA_LOTTO]]*Table2[[#This Row],[COSTO_STD_UNITARIO]] -> 150000 | M112: =Table2[[#This Row],[QTA_PRODOTTA_EFF]]*Table2[[#This Row],[COSTO_EFF_UNITARIO]] -> 144666.83 | N112: =Table2[[#This Row],[TOT_EFF_COST (€)]]-Table2[[#This Row],[TOT_STD_COST (€)]] -> -5333.17 | O112: =Table2[[#This Row],[QTA_SCARTO]]/Table2[[#This Row],[QTA_LOTTO]] -> 0.021
... A130: ODP-2026-1035 | B130: 46232 | C130: Linea 1 - Meccanica | D130: ART-MEC-02 | E130: Ingranaggio Elicoidale Z45 | F130: 1000 | G130: 980 | H130: 20 | I130: 28 | J130: 27.45 | K130: Non Definito | L130: =Table2[[#This Row],[QTA_LOTTO]]*Table2[[#This Row],[COSTO_STD_UNITARIO]] -> 28000 | M130: =Table2[[#This Row],[QTA_PRODOTTA_EFF]]*Table2[[#This Row],[COSTO_EFF_UNITARIO]] -> 26901 | N130: =Table2[[#This Row],[TOT_EFF_COST (€)]]-Table2[[#This Row],[TOT_STD_COST (€)]] -> -1099 | O130: =Table2[[#This Row],[QTA_SCARTO]]/Table2[[#This Row],[QTA_LOTTO]] -> 0.02
A131: ODP-2026-1008 | B131: 46209 | C131: Linea 2 - Assemblaggio | D131: ART-MEC-01 | E131: Albero di Trasmissione Precisione | F131: 200 | G131: =CLEAN_Dump_Produzione!$F131-CLEAN_Dump_Produzione!$H131 -> 195 | H131: 5 | I131: 45 | J131: 42.41 | K131: Errore Set-up Macchina | L131: =Table2[[#This Row],[QTA_LOTTO]]*Table2[[#This Row],[COSTO_STD_UNITARIO]] -> 9000 | M131: =Table2[[#This Row],[QTA_PRODOTTA_EFF]]*Table2[[#This Row],[COSTO_EFF_UNITARIO]] -> 8269.95 | N131: =Table2[[#This Row],[TOT_EFF_COST (€)]]-Table2[[#This Row],[TOT_STD_COST (€)]] -> -730.05 | O131: =Table2[[#This Row],[QTA_SCARTO]]/Table2[[#This Row],[QTA_LOTTO]] -> 0.025
A132: ODP-2026-1111 | B132: 46297 | C132: Linea 3 - Elettronica | D132: ART-MEC-01 | E132: Albero di Trasmissione Precisione | F132: 250 | G132: 243 | H132: 7 | I132: 45 | J132: 44.73 | K132: Tolleranza Fuori Limite | L132: =Table2[[#This Row],[QTA_LOTTO]]*Table2[[#This Row],[COSTO_STD_UNITARIO]] -> 11250 | M132: =Table2[[#This Row],[QTA_PRODOTTA_EFF]]*Table2[[#This Row],[COSTO_EFF_UNITARIO]] -> 10869.39 | N132: =Table2[[#This Row],[TOT_EFF_COST (€)]]-Table2[[#This Row],[TOT_STD_COST (€)]] -> -380.61 | O132: =Table2[[#This Row],[QTA_SCARTO]]/Table2[[#This Row],[QTA_LOTTO]] -> 0.028
A133: ODP-2026-1092 | B133: 46281 | C133: Linea 1 - Meccanica | D133: ART-ASS-02 | E133: Attuatore Pneumatico Bi-Stadio | F133: 300 | G133: 293 | H133: 7 | I133: 85 | J133: 89.56 | K133: Problema Saldatura/Smt | L133: =Table2[[#This Row],[QTA_LOTTO]]*Table2[[#This Row],[COSTO_STD_UNITARIO]] -> 25500 | M133: =Table2[[#This Row],[QTA_PRODOTTA_EFF]]*Table2[[#This Row],[COSTO_EFF_UNITARIO]] -> 26241.08 | N133: =Table2[[#This Row],[TOT_EFF_COST (€)]]-Table2[[#This Row],[TOT_STD_COST (€)]] -> 741.08 | O133: =Table2[[#This Row],[QTA_SCARTO]]/Table2[[#This Row],[QTA_LOTTO]] -> 0.023333333
A134: ODP-2026-1084 | B134: 46274 | C134: Linea 2 - Assemblaggio | D134: ART-ELE-03 | E134: Quadro Comando Touch 10'' Industrial | F134: 200 | G134: 176 | H134: 24 | I134: 340 | J134: 357.09 | K134: Difetto Materia Prima | L134: =Table2[[#This Row],[QTA_LOTTO]]*Table2[[#This Row],[COSTO_STD_UNITARIO]] -> 68000 | M134: =Table2[[#This Row],[QTA_PRODOTTA_EFF]]*Table2[[#This Row],[COSTO_EFF_UNITARIO]] -> 62847.84 | N134: =Table2[[#This Row],[TOT_EFF_COST (€)]]-Table2[[#This Row],[TOT_STD_COST (€)]] -> -5152.16 | O134: =Table2[[#This Row],[QTA_SCARTO]]/Table2[[#This Row],[QTA_LOTTO]] -> 0.12
A135: ODP-2026-1164 | B135: 46342 | C135: Linea 2 - Assemblaggio | D135: ART-ELE-02 | E135: Sensore di Pressione Digitale High-Temp | F135: 250 | G135: 246 | H135: 4 | I135: 65 | J135: 63.48 | K135: Difetto Materia Prima | L135: =Table2[[#This Row],[QTA_LOTTO]]*Table2[[#This Row],[COSTO_STD_UNITARIO]] -> 16250 | M135: =Table2[[#This Row],[QTA_PRODOTTA_EFF]]*Table2[[#This Row],[COSTO_EFF_UNITARIO]] -> 15616.08 | N135: =Table2[[#This Row],[TOT_EFF_COST (€)]]-Table2[[#This Row],[TOT_STD_COST (€)]] -> -633.92 | O135: =Table2[[#This Row],[QTA_SCARTO]]/Table2[[#This Row],[QTA_LOTTO]] -> 0.016
A136: ODP-2026-1169 | B136: 46346 | C136: Linea 2 - Assemblaggio | D136: ART-ELE-03 | E136: Quadro Comando Touch 10'' Industrial | F136: 500 | G136: 488 | H136: 12 | I136: 340 | J136: 356.54 | K136: Errore Set-up Macchina | L136: =Table2[[#This Row],[QTA_LOTTO]]*Table2[[#This Row],[COSTO_STD_UNITARIO]] -> 170000 | M136: =Table2[[#This Row],[QTA_PRODOTTA_EFF]]*Table2[[#This Row],[COSTO_EFF_UNITARIO]] -> 173991.52 | N136: =Table2[[#This Row],[TOT_EFF_COST (€)]]-Table2[[#This Row],[TOT_STD_COST (€)]] -> 3991.52 | O136: =Table2[[#This Row],[QTA_SCARTO]]/Table2[[#This Row],[QTA_LOTTO]] -> 0.024
A137: ODP-2026-1090 | B137: 46279 | C137: Linea 3 - Elettronica | D137: ART-ELE-03 | E137: Quadro Comando Touch 10'' Industrial | F137: 1000 | G137: =CLEAN_Dump_Produzione!$F137-CLEAN_Dump_Produzione!$H137 -> 994 | H137: 6 | I137: 340 | J137: 357.75 | K137: Errore Set-up Macchina | L137: =Table2[[#This Row],[QTA_LOTTO]]*Table2[[#This Row],[COSTO_STD_UNITARIO]] -> 340000 | M137: =Table2[[#This Row],[QTA_PRODOTTA_EFF]]*Table2[[#This Row],[COSTO_EFF_UNITARIO]] -> 355603.5 | N137: =Table2[[#This Row],[TOT_EFF_COST (€)]]-Table2[[#This Row],[TOT_STD_COST (€)]] -> 15603.5 | O137: =Table2[[#This Row],[QTA_SCARTO]]/Table2[[#This Row],[QTA_LOTTO]] -> 0.006
A138: ODP-2026-1009 | B138: 46210 | C138: Linea 1 - Meccanica | D138: ART-ELE-02 | E138: Sensore di Pressione Digitale High-Temp | F138: 300 | G138: 298 | H138: 2 | I138: 65 | J138: 63.18 | K138: Tolleranza Fuori Limite | L138: =Table2[[#This Row],[QTA_LOTTO]]*Table2[[#This Row],[COSTO_STD_UNITARIO]] -> 19500 | M138: =Table2[[#This Row],[QTA_PRODOTTA_EFF]]*Table2[[#This Row],[COSTO_EFF_UNITARIO]] -> 18827.64 | N138: =Table2[[#This Row],[TOT_EFF_COST (€)]]-Table2[[#This Row],[TOT_STD_COST (€)]] -> -672.36 | O138: =Table2[[#This Row],[QTA_SCARTO]]/Table2[[#This Row],[QTA_LOTTO]] -> 0.0066666667
A139: ODP-2026-1014 | B139: 46215 | C139: Linea 3 - Elettronica | D139: ART-MEC-02 | E139: Ingranaggio Elicoidale Z45 | F139: 100 | G139: 84 | H139: 16 | I139: 28 | J139: 25.76 | K139: Difetto Materia Prima | L139: =Table2[[#This Row],[QTA_LOTTO]]*Table2[[#This Row],[COSTO_STD_UNITARIO]] -> 2800 | M139: =Table2[[#This Row],[QTA_PRODOTTA_EFF]]*Table2[[#This Row],[COSTO_EFF_UNITARIO]] -> 2163.84 | N139: =Table2[[#This Row],[TOT_EFF_COST (€)]]-Table2[[#This Row],[TOT_STD_COST (€)]] -> -636.16 | O139: =Table2[[#This Row],[QTA_SCARTO]]/Table2[[#This Row],[QTA_LOTTO]] -> 0.16
A140: ODP-2026-1060 | B140: 46254 | C140: Linea 2 - Assemblaggio | D140: ART-ASS-02 | E140: Attuatore Pneumatico Bi-Stadio | F140: 300 | G140: 291 | H140: 9 | I140: 85 | J140: 90.99 | K140: Difetto Materia Prima | L140: =Table2[[#This Row],[QTA_LOTTO]]*Table2[[#This Row],[COSTO_STD_UNITARIO]] -> 25500 | M140: =Table2[[#This Row],[QTA_PRODOTTA_EFF]]*Table2[[#This Row],[COSTO_EFF_UNITARIO]] -> 26478.09 | N140: =Table2[[#This Row],[TOT_EFF_COST (€)]]-Table2[[#This Row],[TOT_STD_COST (€)]] -> 978.09 | O140: =Table2[[#This Row],[QTA_SCARTO]]/Table2[[#This Row],[QTA_LOTTO]] -> 0.03
A141: ODP-2026-1159 | B141: 46338 | C141: Linea 3 - Elettronica | D141: ART-ELE-03 | E141: Quadro Comando Touch 10'' Industrial | F141: 200 | G141: 188 | H141: 12 | I141: 340 | J141: 358.19 | K141: Tolleranza Fuori Limite | L141: =Table2[[#This Row],[QTA_LOTTO]]*Table2[[#This Row],[COSTO_STD_UNITARIO]] -> 68000 | M141: =Table2[[#This Row],[QTA_PRODOTTA_EFF]]*Table2[[#This Row],[COSTO_EFF_UNITARIO]] -> 67339.72 | N141: =Table2[[#This Row],[TOT_EFF_COST (€)]]-Table2[[#This Row],[TOT_STD_COST (€)]] -> -660.28 | O141: =Table2[[#This Row],[QTA_SCARTO]]/Table2[[#This Row],[QTA_LOTTO]] -> 0.06
A142: ODP-2026-1132 | B142: 46315 | C142: Linea 1 - Meccanica | D142: ART-MEC-03 | E142: Flangia Acciaio Inox 120mm | F142: 150 | G142: 131 | H142: 19 | I142: 35 | J142: 36.57 | K142: Errore Set-up Macchina | L142: =Table2[[#This Row],[QTA_LOTTO]]*Table2[[#This Row],[COSTO_STD_UNITARIO]] -> 5250 | M142: =Table2[[#This Row],[QTA_PRODOTTA_EFF]]*Table2[[#This Row],[COSTO_EFF_UNITARIO]] -> 4790.67 | N142: =Table2[[#This Row],[TOT_EFF_COST (€)]]-Table2[[#This Row],[TOT_STD_COST (€)]] -> -459.33 | O142: =Table2[[#This Row],[QTA_SCARTO]]/Table2[[#This Row],[QTA_LOTTO]] -> 0.12666667
A143: ODP-2026-1018 | B143: 46218 | C143: Linea 1 - Meccanica | D143: ART-MEC-02 | E143: Ingranaggio Elicoidale Z45 | F143: 200 | G143: 176 | H143: 24 | I143: 28 | J143: 28.52 | K143: Difetto Materia Prima | L143: =Table2[[#This Row],[QTA_LOTTO]]*Table2[[#This Row],[COSTO_STD_UNITARIO]] -> 5600 | M143: =Table2[[#This Row],[QTA_PRODOTTA_EFF]]*Table2[[#This Row],[COSTO_EFF_UNITARIO]] -> 5019.52 | N143: =Table2[[#This Row],[TOT_EFF_COST (€)]]-Table2[[#This Row],[TOT_STD_COST (€)]] -> -580.48 | O143: =Table2[[#This Row],[QTA_SCARTO]]/Table2[[#This Row],[QTA_LOTTO]] -> 0.12
A144: ODP-2026-1073 | B144: 46265 | C144: Linea 1 - Meccanica | D144: ART-MEC-01 | E144: Albero di Trasmissione Precisione | F144: 500 | G144: 494 | H144: 6 | I144: 45 | J144: 45.01 | K144: Tolleranza Fuori Limite | L144: =Table2[[#This Row],[QTA_LOTTO]]*Table2[[#This Row],[COSTO_STD_UNITARIO]] -> 22500 | M144: =Table2[[#This Row],[QTA_PRODOTTA_EFF]]*Table2[[#This Row],[COSTO_EFF_UNITARIO]] -> 22234.94 | N144: =Table2[[#This Row],[TOT_EFF_COST (€)]]-Table2[[#This Row],[TOT_STD_COST (€)]] -> -265.06 | O144: =Table2[[#This Row],[QTA_SCARTO]]/Table2[[#This Row],[QTA_LOTTO]] -> 0.012
A145: ODP-2026-1163 | B145: 46341 | C145: Linea 3 - Elettronica | D145: ART-ASS-02 | E145: Attuatore Pneumatico Bi-Stadio | F145: 150 | G145: 146 | H145: 4 | I145: 85 | J145: 87.48 | K145: Usura Utensile | L145: =Table2[[#This Row],[QTA_LOTTO]]*Table2[[#This Row],[COSTO_STD_UNITARIO]] -> 12750 | M145: =Table2[[#This Row],[QTA_PRODOTTA_EFF]]*Table2[[#This Row],[COSTO_EFF_UNITARIO]] -> 12772.08 | N145: =Table2[[#This Row],[TOT_EFF_COST (€)]]-Table2[[#This Row],[TOT_STD_COST (€)]] -> 22.08 | O145: =Table2[[#This Row],[QTA_SCARTO]]/Table2[[#This Row],[QTA_LOTTO]] -> 0.026666667
A146: ODP-2026-1106 | B146: 46293 | C146: Linea 3 - Elettronica | D146: ART-ASS-02 | E146: Attuatore Pneumatico Bi-Stadio | F146: 1000 | G146: 920 | H146: 80 | I146: 85 | J146: 88.17 | K146: Usura Utensile | L146: =Table2[[#This Row],[QTA_LOTTO]]*Table2[[#This Row],[COSTO_STD_UNITARIO]] -> 85000 | M146: =Table2[[#This Row],[QTA_PRODOTTA_EFF]]*Table2[[#This Row],[COSTO_EFF_UNITARIO]] -> 81116.4 | N146: =Table2[[#This Row],[TOT_EFF_COST (€)]]-Table2[[#This Row],[TOT_STD_COST (€)]] -> -3883.6 | O146: =Table2[[#This Row],[QTA_SCARTO]]/Table2[[#This Row],[QTA_LOTTO]] -> 0.08
A147: ODP-2026-1155 | B147: 46334 | C147: Linea 1 - Meccanica | D147: ART-ASS-03 | E147: Modulo Riduttore Epicroidale | F147: 300 | G147: 287 | H147: 13 | I147: 150 | J147: 148.44 | K147: Usura Utensile | L147: =Table2[[#This Row],[QTA_LOTTO]]*Table2[[#This Row],[COSTO_STD_UNITARIO]] -> 45000 | M147: =Table2[[#This Row],[QTA_PRODOTTA_EFF]]*Table2[[#This Row],[COSTO_EFF_UNITARIO]] -> 42602.28 | N147: =Table2[[#This Row],[TOT_EFF_COST (€)]]-Table2[[#This Row],[TOT_STD_COST (€)]] -> -2397.72 | O147: =Table2[[#This Row],[QTA_SCARTO]]/Table2[[#This Row],[QTA_LOTTO]] -> 0.043333333
A148: ODP-2026-1171 | B148: 46348 | C148: Linea 3 - Elettronica | D148: ART-ASS-03 | E148: Modulo Riduttore Epicroidale | F148: 300 | G148: 294 | H148: 6 | I148: 150 | J148: 148.01 | K148: Problema Saldatura/Smt | L148: =Table2[[#This Row],[QTA_LOTTO]]*Table2[[#This Row],[COSTO_STD_UNITARIO]] -> 45000 | M148: =Table2[[#This Row],[QTA_PRODOTTA_EFF]]*Table2[[#This Row],[COSTO_EFF_UNITARIO]] -> 43514.94 | N148: =Table2[[#This Row],[TOT_EFF_COST (€)]]-Table2[[#This Row],[TOT_STD_COST (€)]] -> -1485.06 | O148: =Table2[[#This Row],[QTA_SCARTO]]/Table2[[#This Row],[QTA_LOTTO]] -> 0.02
A149: ODP-2026-1064 | B149: 46257 | C149: Linea 1 - Meccanica | D149: ART-ELE-03 | E149: Quadro Comando Touch 10'' Industrial | F149: 100 | G149: 80 | H149: 20 | I149: 340 | J149: 357.35 | K149: Tolleranza Fuori Limite | L149: =Table2[[#This Row],[QTA_LOTTO]]*Table2[[#This Row],[COSTO_STD_UNITARIO]] -> 34000 | M149: =Table2[[#This Row],[QTA_PRODOTTA_EFF]]*Table2[[#This Row],[COSTO_EFF_UNITARIO]] -> 28588 | N149: =Table2[[#This Row],[TOT_EFF_COST (€)]]-Table2[[#This Row],[TOT_STD_COST (€)]] -> -5412 | O149: =Table2[[#This Row],[QTA_SCARTO]]/Table2[[#This Row],[QTA_LOTTO]] -> 0.2
... A181: ODP-2026-1103 | B181: 46290 | C181: Linea 3 - Elettronica | D181: ART-ELE-03 | E181: Quadro Comando Touch 10'' Industrial | F181: 150 | G181: 147 | H181: 3 | I181: 340 | J181: 357.29 | K181: Tolleranza Fuori Limite | L181: =Table2[[#This Row],[QTA_LOTTO]]*Table2[[#This Row],[COSTO_STD_UNITARIO]] -> 51000 | M181: =Table2[[#This Row],[QTA_PRODOTTA_EFF]]*Table2[[#This Row],[COSTO_EFF_UNITARIO]] -> 52521.63 | N181: =Table2[[#This Row],[TOT_EFF_COST (€)]]-Table2[[#This Row],[TOT_STD_COST (€)]] -> 1521.63 | O181: =Table2[[#This Row],[QTA_SCARTO]]/Table2[[#This Row],[QTA_LOTTO]] -> 0.02

Sheet ID_ARTICOLI
A1: CODICE_ARTICOLO | B1: DESCRIZIONE_ARTICOLO | D1: CAUSALE_SCARTO | F1: LINEA_PRODUZIONE
A2: ART-ASS-01 | B2: Gruppo Valvola Idraulica Completa | D2: Tolleranza Fuori Limite | F2: Linea 2 - Assemblaggio
A3: ART-ASS-02 | B3: Attuatore Pneumatico Bi-Stadio | D3: Usura Utensile | F3: Linea 2 - Assemblaggio
A4: ART-ASS-03 | B4: Modulo Riduttore Epicroidale | D4: Difetto Materia Prima | F4: Linea 1 - Meccanica
A5: ART-ELE-01 | B5: Scheda Controllo Inverter 400V | D5: Non Definito | F5: Linea 3 - Elettronica
A6: ART-ELE-02 | B6: Sensore di Pressione Digitale High-Temp | D6: Problema Saldatura/Smt | F6: Linea 1 - Meccanica
A7: ART-ELE-03 | B7: Quadro Comando Touch 10'' Industrial | D7: Errore Set-up Macchina
A8: ART-MEC-01 | B8: Albero di Trasmissione Precisione
A9: ART-MEC-02 | B9: Ingranaggio Elicoidale Z45
A10: ART-MEC-03 | B10: Flangia Acciaio Inox 120mm

Sheet PIVOT
A1: Row Labels | B1: TOT_EFF_COST | C1: TOT_COST_VARIANCE(€) | D1: AVG_SCRAP_RATE
A2: Linea 1 - Meccanica | B2: 2535434.6 | C2: -83265.37 | D2: 0.060948718
A3: ART-ASS-01 | B3: 573480.21 | C3: -38519.79 | D3: 0.044444444
A4: ART-ASS-02 | B4: 321990.8 | C4: 7490.8 | D4: 0.056166667 | F4: Sum of QTA_SCARTO | G4: Column Labels
A5: ART-ASS-03 | B5: 176083.28 | C5: -18916.72 | D5: 0.083571429 | F5: Row Labels | G5: Linea 1 - Meccanica | H5: Linea 2 - Assemblaggio | I5: Linea 3 - Elettronica | J5: Grand Total
A6: ART-ELE-01 | B6: 423227.86 | C6: -17772.14 | D6: 0.03 | F6: Difetto Materia Prima | G6: 0.17900552 | H6: 0.1849711 | I6: 0.21618357 | J6: 0.19340206
A7: ART-ELE-02 | B7: 67469.99 | C7: -7280.01 | D7: 0.082666667 | F7: Errore Set-up Macchina | G7: 0.19668508 | H7: 0.36705202 | I7: 0.21135266 | J7: 0.25030928
A8: ART-ELE-03 | B8: 656127.42 | C8: -6872.58 | D8: 0.069904762 | F8: Non Definito | G8: 0.064088398 | H8: 0.040462428 | I8: 0 | J8: 0.035463918
A9: ART-MEC-01 | B9: 93614.61 | C9: -5385.39 | D9: 0.066666667 | F9: Problema Saldatura/Smt | G9: 0.14696133 | H9: 0.1849711 | I9: 0.30555556 | J9: 0.21195876
A10: ART-MEC-02 | B10: 62476.22 | C10: -4723.78 | D10: 0.05847619 | F10: Tolleranza Fuori Limite | G10: 0.29392265 | H10: 0.16473988 | I10: 0.055555556 | J10: 0.1756701
A11: ART-MEC-03 | B11: 160964.24 | C11: 8714.24 | D11: 0.055794872 | F11: Usura Utensile | G11: 0.11933702 | H11: 0.057803468 | I11: 0.21135266 | J11: 0.13319588
A12: Linea 2 - Assemblaggio | B12: 2122124.8 | C12: -88175.22 | D12: 0.059185792 | F12: Grand Total | G12: 1 | H12: 1 | I12: 1 | J12: 1
A13: ART-ASS-01 | B13: 186735.86 | C13: -17264.14 | D13: 0.057291667
A14: ART-ASS-02 | B14: 343452.75 | C14: 11952.75 | D14: 0.029037037
A15: ART-ASS-03 | B15: 142155.08 | C15: -7844.92 | D15: 0.018333333
A16: ART-ELE-01 | B16: 707881.78 | C16: -48118.22 | D16: 0.053
A17: ART-ELE-02 | B17: 39124.43 | C17: -3125.57 | D17: 0.04775
A18: ART-ELE-03 | B18: 517273.47 | C18: -9726.53 | D18: 0.075714286
A19: ART-MEC-01 | B19: 140996.52 | C19: -12003.48 | D19: 0.073636364
A20: ART-MEC-02 | B20: 15055.04 | C20: -1744.96 | D20: 0.086166667
A21: ART-MEC-03 | B21: 29449.85 | C21: -300.15 | D21: 0.086
A22: Linea 3 - Elettronica | B22: 2508331.7 | C22: -69018.26 | D22: 0.064191358
A23: ART-ASS-01 | B23: 349942.7 | C23: -28057.3 | D23: 0.050533333
A24: ART-ASS-02 | B24: 174471.55 | C24: -4028.45 | D24: 0.090277778
... A32: Grand Total | B32: 7165891.2 | C32: -240458.85 | D32: 0.061324074

Sheet CHARTS
A4: Row Labels | B4: Sum of Scostamento dei Costi / Cost Variance (€) | C4: Sum of Scostamento dei Costi / Cost Variance (€)2
A5: Linea 1 - Meccanica | B5: 0.346277 | C5: -83265.37 | I5: Row Labels | J5: Sum of Scostamento dei Costi / Cost Variance (€)
A6: Linea 2 - Assemblaggio | B6: 0.36669567 | C6: -88175.22 | I6: Linea 1 - Meccanica | J6: 0.346277
A7: Linea 3 - Elettronica | B7: 0.28702732 | C7: -69018.26 | I7: Linea 2 - Assemblaggio | J7: 0.36669567
A8: Grand Total | B8: 1 | C8: -240458.85 | I8: Linea 3 - Elettronica | J8: 0.28702732
I9: Grand Total | J9: 1
A23: Row Labels | B23: Sum of QTA_SCARTO
A24: Difetto Materia Prima | B24: 469
A25: Errore Set-up Macchina | B25: 607
A26: Non Definito | B26: 86
A27: Problema Saldatura/Smt | B27: 514
A28: Tolleranza Fuori Limite | B28: 426
A29: Usura Utensile | B29: 323
A30: Grand Total | B30: 2425
